"Date","Pageviews"
2010-10-04,64
2010-10-05,50
2010-10-06,135
2010-10-07,81
2010-10-08,216
2010-10-09,65
2010-10-10,27
2010-10-11,2
2010-10-12,41
2010-10-13,14
2010-10-14,114
2010-10-15,53
2010-10-16,9
2010-10-17,50
2010-10-18,36
2010-10-19,21
2010-10-20,24
2010-10-21,8
2010-10-22,31
2010-10-23,24
2010-10-24,6
2010-10-25,33
2010-10-26,13
2010-10-27,40
2010-10-28,14
2010-10-29,15
2010-10-30,31
2010-10-31,25
2010-11-01,15
2010-11-02,11
2010-11-03,12
2010-11-04,11
2010-11-05,7
2010-11-06,15
2010-11-07,25
2010-11-08,27
2010-11-09,9
2010-11-10,11
2010-11-11,8
2010-11-12,14
2010-11-13,1
2010-11-14,21
2010-11-15,10
2010-11-16,3
2010-11-17,4
2010-11-18,16
2010-11-19,14
2010-11-20,16
2010-11-21,10
2010-11-22,12
2010-11-23,21
2010-11-24,1
2010-11-25,4
2010-11-26,6
2010-11-27,7
2010-11-28,28
2010-11-29,23
2010-11-30,46
2010-12-01,15
2010-12-02,8
2010-12-03,5
2010-12-04,8
2010-12-05,8
2010-12-06,18
2010-12-07,13
2010-12-08,11
2010-12-09,17
2010-12-10,24
2010-12-11,1
2010-12-12,5
2010-12-13,15
2010-12-14,2
2010-12-15,2
2010-12-16,7
2010-12-17,5
2010-12-18,11
2010-12-19,13
2010-12-20,8
2010-12-21,14
2010-12-22,8
2010-12-23,6
2010-12-24,7
2010-12-25,6
2010-12-26,10
2010-12-27,9
2010-12-28,3
2010-12-29,12
2010-12-30,10
2010-12-31,6
2011-01-01,39
2011-01-02,32
2011-01-03,17
2011-01-04,39
2011-01-05,45
2011-01-06,19
2011-01-07,10
2011-01-08,17
2011-01-09,12
2011-01-10,7
2011-01-11,32
2011-01-12,22
2011-01-13,1
2011-01-14,32
2011-01-15,7
2011-01-16,9
2011-01-17,45
2011-01-18,21
2011-01-19,13
2011-01-20,5
2011-01-21,5
2011-01-22,4
2011-01-23,33
2011-01-24,26
2011-01-25,36
2011-01-26,19
2011-01-27,40
2011-01-28,12
2011-01-29,11
2011-01-30,3
2011-01-31,7
2011-02-01,9
2011-02-02,9
2011-02-03,4
2011-02-04,8
2011-02-05,2
2011-02-06,29
2011-02-07,21
2011-02-08,15
2011-02-09,79
2011-02-10,103
2011-02-11,28
2011-02-12,44
2011-02-13,16
2011-02-14,55
2011-02-15,8
2011-02-16,10
2011-02-17,22
2011-02-18,10
2011-02-19,15
2011-02-20,43
2011-02-21,16
2011-02-22,29
2011-02-23,163
2011-02-24,209
2011-02-25,131
2011-02-26,203
2011-02-27,331
2011-02-28,344
2011-03-01,160
2011-03-02,147
2011-03-03,185
2011-03-04,129
2011-03-05,274
2011-03-06,172
2011-03-07,175
2011-03-08,143
2011-03-09,244
2011-03-10,192
2011-03-11,137
2011-03-12,140
2011-03-13,175
2011-03-14,219
2011-03-15,167
2011-03-16,206
2011-03-17,129
2011-03-18,330
2011-03-19,276
2011-03-20,629
2011-03-21,293
2011-03-22,276
2011-03-23,172
2011-03-24,138
2011-03-25,183
2011-03-26,236
2011-03-27,270
2011-03-28,272
2011-03-29,470
2011-03-30,204
2011-03-31,229
2011-04-01,334
2011-04-02,328
2011-04-03,285
2011-04-04,266
2011-04-05,273
2011-04-06,328
2011-04-07,233
2011-04-08,344
2011-04-09,266
2011-04-10,284
2011-04-11,260
2011-04-12,243
2011-04-13,313
2011-04-14,299
2011-04-15,247
2011-04-16,300
2011-04-17,378
2011-04-18,258
2011-04-19,356
2011-04-20,454
2011-04-21,297
2011-04-22,260
2011-04-23,221
2011-04-24,2105
2011-04-25,590
2011-04-26,708
2011-04-27,342
2011-04-28,338
2011-04-29,296
2011-04-30,454
2011-05-01,507
2011-05-02,578
2011-05-03,1093
2011-05-04,514
2011-05-05,370
2011-05-06,319
2011-05-07,252
2011-05-08,845
2011-05-09,601
2011-05-10,554
2011-05-11,418
2011-05-12,315
2011-05-13,336
2011-05-14,275
2011-05-15,443
2011-05-16,254
2011-05-17,259
2011-05-18,178
2011-05-19,425
2011-05-20,316
2011-05-21,302
2011-05-22,271
2011-05-23,319
2011-05-24,244
2011-05-25,218
2011-05-26,260
2011-05-27,249
2011-05-28,267
2011-05-29,263
2011-05-30,437
2011-05-31,449
2011-06-01,632
2011-06-02,502
2011-06-03,450
2011-06-04,353
2011-06-05,384
2011-06-06,304
2011-06-07,353
2011-06-08,360
2011-06-09,324
2011-06-10,221
2011-06-11,215
2011-06-12,355
2011-06-13,360
2011-06-14,389
2011-06-15,360
2011-06-16,390
2011-06-17,371
2011-06-18,229
2011-06-19,294
2011-06-20,325
2011-06-21,417
2011-06-22,460
2011-06-23,401
2011-06-24,529
2011-06-25,270
2011-06-26,329
2011-06-27,251
2011-06-28,333
2011-06-29,393
2011-06-30,335
2011-07-01,304
2011-07-02,304
2011-07-03,415
2011-07-04,356
2011-07-05,293
2011-07-06,349
2011-07-07,353
2011-07-08,273
2011-07-09,223
2011-07-10,246
2011-07-11,2448
2011-07-12,3456
2011-07-13,2568
2011-07-14,1572
2011-07-15,935
2011-07-16,783
2011-07-17,1055
2011-07-18,861
2011-07-19,859
2011-07-20,843
2011-07-21,779
2011-07-22,926
2011-07-23,719
2011-07-24,929
2011-07-25,1014
2011-07-26,1369
2011-07-27,1134
2011-07-28,769
2011-07-29,821
2011-07-30,685
2011-07-31,610
2011-08-01,1106
2011-08-02,822
2011-08-03,656
2011-08-04,651
2011-08-05,659
2011-08-06,674
2011-08-07,656
2011-08-08,721
2011-08-09,792
2011-08-10,819
2011-08-11,646
2011-08-12,592
2011-08-13,526
2011-08-14,648
2011-08-15,861
2011-08-16,663
2011-08-17,588
2011-08-18,594
2011-08-19,680
2011-08-20,727
2011-08-21,937
2011-08-22,845
2011-08-23,842
2011-08-24,692
2011-08-25,940
2011-08-26,640
2011-08-27,459
2011-08-28,3353
2011-08-29,1504
2011-08-30,1156
2011-08-31,1239
2011-09-01,1122
2011-09-02,879
2011-09-03,678
2011-09-04,811
2011-09-05,869
2011-09-06,814
2011-09-07,740
2011-09-08,646
2011-09-09,592
2011-09-10,599
2011-09-11,825
2011-09-12,829
2011-09-13,780
2011-09-14,814
2011-09-15,1107
2011-09-16,892
2011-09-17,608
2011-09-18,643
2011-09-19,742
2011-09-20,742
2011-09-21,775
2011-09-22,841
2011-09-23,730
2011-09-24,703
2011-09-25,668
2011-09-26,798
2011-09-27,753
2011-09-28,704
2011-09-29,745
2011-09-30,585
2011-10-01,856
2011-10-02,945
2011-10-03,968
2011-10-04,934
2011-10-05,903
2011-10-06,910
2011-10-07,951
2011-10-08,983
2011-10-09,1151
2011-10-10,1226
2011-10-11,762
2011-10-12,1053
2011-10-13,1207
2011-10-14,1206
2011-10-15,812
2011-10-16,878
2011-10-17,935
2011-10-18,1089
2011-10-19,961
2011-10-20,1192
2011-10-21,967
2011-10-22,972
2011-10-23,1295
2011-10-24,2157
2011-10-25,1267
2011-10-26,1002
2011-10-27,971
2011-10-28,919
2011-10-29,806
2011-10-30,955
2011-10-31,1039
2011-11-01,902
2011-11-02,1330
2011-11-03,1029
2011-11-04,932
2011-11-05,966
2011-11-06,1118
2011-11-07,1289
2011-11-08,1027
2011-11-09,1081
2011-11-10,1053
2011-11-11,759
2011-11-12,831
2011-11-13,908
2011-11-14,998
2011-11-15,1004
2011-11-16,1043
2011-11-17,955
2011-11-18,774
2011-11-19,827
2011-11-20,945
2011-11-21,1301
2011-11-22,1231
2011-11-23,1007
2011-11-24,772
2011-11-25,1144
2011-11-26,1728
2011-11-27,2337
2011-11-28,2013
2011-11-29,1665
2011-11-30,1836
2011-12-01,1283
2011-12-02,1005
2011-12-03,1065
2011-12-04,1586
2011-12-05,1469
2011-12-06,1476
2011-12-07,1669
2011-12-08,1742
2011-12-09,1264
2011-12-10,1450
2011-12-11,2166
2011-12-12,1657
2011-12-13,1225
2011-12-14,1258
2011-12-15,1159
2011-12-16,1497
2011-12-17,1325
2011-12-18,1438
2011-12-19,1475
2011-12-20,2050
2011-12-21,1352
2011-12-22,1422
2011-12-23,1126
2011-12-24,1049
2011-12-25,862
2011-12-26,1237
2011-12-27,2584
2011-12-28,1711
2011-12-29,1240
2011-12-30,1125
2011-12-31,1002
2012-01-01,1214
2012-01-02,1453
2012-01-03,1378
2012-01-04,1528
2012-01-05,1553
2012-01-06,1368
2012-01-07,1322
2012-01-08,1437
2012-01-09,1773
2012-01-10,1627
2012-01-11,1793
2012-01-12,1412
2012-01-13,1243
2012-01-14,1373
2012-01-15,1806
2012-01-16,1861
2012-01-17,1642
2012-01-18,1982
2012-01-19,1890
2012-01-20,1828
2012-01-21,2345
2012-01-22,2362
2012-01-23,2188
2012-01-24,2090
2012-01-25,2097
2012-01-26,2081
2012-01-27,3317
2012-01-28,2466
2012-01-29,2221
2012-01-30,3016
2012-01-31,2973
2012-02-01,3238
2012-02-02,3109
2012-02-03,3012
2012-02-04,3057
2012-02-05,2969
2012-02-06,3042
2012-02-07,2784
2012-02-08,2651
2012-02-09,2707
2012-02-10,2566
2012-02-11,3456
2012-02-12,3674
2012-02-13,3484
2012-02-14,8707
2012-02-15,7288
2012-02-16,3637
2012-02-17,2877
2012-02-18,2411
2012-02-19,3075
2012-02-20,3735
2012-02-21,3288
2012-02-22,4573
2012-02-23,3410
2012-02-24,2592
2012-02-25,7554
2012-02-26,12577
2012-02-27,5230
2012-02-28,3500
2012-02-29,3333
2012-03-01,2791
2012-03-02,2653
2012-03-03,3053
2012-03-04,2967
2012-03-05,3394
2012-03-06,2961
2012-03-07,2840
2012-03-08,3017
2012-03-09,2346
2012-03-10,2304
2012-03-11,2480
2012-03-12,2594
2012-03-13,2747
2012-03-14,2580
2012-03-15,2312
2012-03-16,2368
2012-03-17,2151
2012-03-18,2515
2012-03-19,3657
2012-03-20,3286
2012-03-21,2977
2012-03-22,2553
2012-03-23,2215
2012-03-24,2207
2012-03-25,2279
2012-03-26,2509
2012-03-27,2498
2012-03-28,2528
2012-03-29,4127
2012-03-30,2795
2012-03-31,2456
2012-04-01,3538
2012-04-02,3270
2012-04-03,4812
2012-04-04,3309
2012-04-05,2724
2012-04-06,2465
2012-04-07,2701
2012-04-08,2759
2012-04-09,3222
2012-04-10,3289
2012-04-11,4919
2012-04-12,3330
2012-04-13,3172
2012-04-14,2797
2012-04-15,3068
2012-04-16,6177
2012-04-17,7601
2012-04-18,5730
2012-04-19,4090
2012-04-20,3614
2012-04-21,3884
2012-04-22,3815
2012-04-23,4029
2012-04-24,3456
2012-04-25,3389
2012-04-26,3423
2012-04-27,5420
2012-04-28,3149
2012-04-29,3802
2012-04-30,3934
2012-05-01,3661
2012-05-02,5464
2012-05-03,3626
2012-05-04,3447
2012-05-05,2826
2012-05-06,3533
2012-05-07,3514
2012-05-08,3442
2012-05-09,3432
2012-05-10,3327
2012-05-11,3083
2012-05-12,2837
2012-05-13,3357
2012-05-14,3583
2012-05-15,3304
2012-05-16,3104
2012-05-17,2957
2012-05-18,2806
2012-05-19,5535
2012-05-20,3780
2012-05-21,3721
2012-05-22,3486
2012-05-23,3239
2012-05-24,3110
2012-05-25,2770
2012-05-26,2623
2012-05-27,2734
2012-05-28,3093
2012-05-29,3429
2012-05-30,3856
2012-05-31,3528
2012-06-01,3435
2012-06-02,3387
2012-06-03,3394
2012-06-04,3230
2012-06-05,3643
2012-06-06,3415
2012-06-07,3360
2012-06-08,2983
2012-06-09,3100
2012-06-10,2547
2012-06-11,9380
2012-06-12,3337
2012-06-13,2506
2012-06-14,2516
2012-06-15,2282
2012-06-16,2184
2012-06-17,2246
2012-06-18,2819
2012-06-19,2992
2012-06-20,2686
2012-06-21,2479
2012-06-22,2054
2012-06-23,2150
2012-06-24,2255
2012-06-25,2651
2012-06-26,2384
2012-06-27,2328
2012-06-28,2314
2012-06-29,2045
2012-06-30,1976
2012-07-01,2478
2012-07-02,2902
2012-07-03,2408
2012-07-04,7184
2012-07-05,15749
2012-07-06,4305
2012-07-07,3543
2012-07-08,3835
2012-07-09,4092
2012-07-10,3713
2012-07-11,3990
2012-07-12,3486
2012-07-13,3365
2012-07-14,3382
2012-07-15,3615
2012-07-16,4055
2012-07-17,4788
2012-07-18,4246
2012-07-19,5889
2012-07-20,5407
2012-07-21,5249
2012-07-22,5275
2012-07-23,4659
2012-07-24,6354
2012-07-25,4237
2012-07-26,4327
2012-07-27,4059
2012-07-28,3527
2012-07-29,3677
2012-07-30,9147
2012-07-31,5757
2012-08-01,4411
2012-08-02,4100
2012-08-03,3851
2012-08-04,3540
2012-08-05,4122
2012-08-06,4804
2012-08-07,6319
2012-08-08,6958
2012-08-09,5970
2012-08-10,5380
2012-08-11,4402
2012-08-12,4347
2012-08-13,5832
2012-08-14,5242
2012-08-15,6821
2012-08-16,8931
2012-08-17,5877
2012-08-18,4496
2012-08-19,4799
2012-08-20,5001
2012-08-21,4843
2012-08-22,4539
2012-08-23,4504
2012-08-24,4101
2012-08-25,3611
2012-08-26,4272
2012-08-27,4547
2012-08-28,7344
2012-08-29,6799
2012-08-30,5851
2012-08-31,4269
2012-09-01,5340
2012-09-02,5176
2012-09-03,4980
2012-09-04,4430
2012-09-05,4190
2012-09-06,3981
2012-09-07,3508
2012-09-08,3313
2012-09-09,4034
2012-09-10,4610
2012-09-11,4008
2012-09-12,4093
2012-09-13,4493
2012-09-14,3425
2012-09-15,2741
2012-09-16,3711
2012-09-17,4115
2012-09-18,3754
2012-09-19,4005
2012-09-20,3797
2012-09-21,3425
2012-09-22,3378
2012-09-23,4182
2012-09-24,4645
2012-09-25,4175
2012-09-26,4159
2012-09-27,4320
2012-09-28,3506
2012-09-29,3095
2012-09-30,3529
2012-10-01,4274
2012-10-02,4578
2012-10-03,4209
2012-10-04,4121
2012-10-05,3545
2012-10-06,3341
2012-10-07,3648
2012-10-08,4502
2012-10-09,4100
2012-10-10,3994
2012-10-11,3829
2012-10-12,3193
2012-10-13,3343
2012-10-14,4274
2012-10-15,4310
2012-10-16,4051
2012-10-17,4545
2012-10-18,3873
2012-10-19,3284
2012-10-20,2538
2012-10-21,3180
2012-10-22,3294
2012-10-23,3201
2012-10-24,3548
2012-10-25,2990
2012-10-26,2692
2012-10-27,2455
2012-10-28,3431
2012-10-29,3347
2012-10-30,3283
2012-10-31,2779
2012-11-01,3074
2012-11-02,3084
2012-11-03,2611
2012-11-04,3217
2012-11-05,3149
2012-11-06,3355
2012-11-07,3263
2012-11-08,3272
2012-11-09,3322
2012-11-10,3633
2012-11-11,3563
2012-11-12,5052
2012-11-13,3974
2012-11-14,3370
2012-11-15,3459
2012-11-16,3028
2012-11-17,2786
2012-11-18,3301
2012-11-19,7943
2012-11-20,5943
2012-11-21,3987
2012-11-22,3111
2012-11-23,3043
2012-11-24,2901
2012-11-25,3381
2012-11-26,4307
2012-11-27,4030
2012-11-28,3949
2012-11-29,3782
2012-11-30,3326
2012-12-01,2875
2012-12-02,3480
2012-12-03,3663
2012-12-04,3932
2012-12-05,6304
2012-12-06,4177
2012-12-07,3568
2012-12-08,3031
2012-12-09,3612
2012-12-10,3713
2012-12-11,3959
2012-12-12,3548
2012-12-13,3473
2012-12-14,2948
2012-12-15,2639
2012-12-16,3436
2012-12-17,3540
2012-12-18,3425
2012-12-19,3323
2012-12-20,3297
2012-12-21,2807
2012-12-22,2379
2012-12-23,2507
2012-12-24,2081
2012-12-25,2537
2012-12-26,3338
2012-12-27,3375
2012-12-28,3361
2012-12-29,4888
2012-12-30,3242
2012-12-31,2861
2013-01-01,4752
2013-01-02,5053
2013-01-03,5377
2013-01-04,16201
2013-01-05,26285
2013-01-06,7926
2013-01-07,5899
2013-01-08,5495
2013-01-09,5248
2013-01-10,4988
2013-01-11,4634
2013-01-12,4366
2013-01-13,4548
2013-01-14,4597
2013-01-15,4773
2013-01-16,4925
2013-01-17,4162
2013-01-18,4977
2013-01-19,3906
2013-01-20,4437
2013-01-21,4429
2013-01-22,4162
2013-01-23,3918
2013-01-24,3922
2013-01-25,3411
2013-01-26,3234
2013-01-27,3538
2013-01-28,3944
2013-01-29,3745
2013-01-30,3625
2013-01-31,4002
2013-02-01,5537
2013-02-02,4779
2013-02-03,3721
2013-02-04,4233
2013-02-05,3965
2013-02-06,3916
2013-02-07,3246
2013-02-08,3083
2013-02-09,2952
2013-02-10,3499
2013-02-11,3380
2013-02-12,3287
2013-02-13,3316
2013-02-14,3101
2013-02-15,2936
2013-02-16,2980
2013-02-17,3089
2013-02-18,16340
2013-02-19,53517
2013-02-20,12837
2013-02-21,6921
2013-02-22,4869
2013-02-23,6343
2013-02-24,6196
2013-02-25,5346
2013-02-26,5154
2013-02-27,4778
2013-02-28,4103
2013-03-01,3541
2013-03-02,3457
2013-03-03,3543
2013-03-04,4269
2013-03-05,4264
2013-03-06,4396
2013-03-07,5085
2013-03-08,4213
2013-03-09,3551
2013-03-10,4031
2013-03-11,4783
2013-03-12,4294
2013-03-13,4018
2013-03-14,3274
2013-03-15,3148
2013-03-16,3520
2013-03-17,4184
2013-03-18,5547
2013-03-19,6737
2013-03-20,5092
2013-03-21,4607
2013-03-22,5564
2013-03-23,6944
2013-03-24,6672
2013-03-25,5944
2013-03-26,4816
2013-03-27,3866
2013-03-28,3969
2013-03-29,4351
2013-03-30,4652
2013-03-31,4131
2013-04-01,6239
2013-04-02,8100
2013-04-03,4754
2013-04-04,4323
2013-04-05,3933
2013-04-06,3741
2013-04-07,4587
2013-04-08,5740
2013-04-09,5478
2013-04-10,5647
2013-04-11,7768
2013-04-12,5355
2013-04-13,4452
2013-04-14,4233
2013-04-15,3871
2013-04-16,3555
2013-04-17,3604
2013-04-18,2930
2013-04-19,2753
2013-04-20,3059
2013-04-21,3306
2013-04-22,3818
2013-04-23,3579
2013-04-24,4542
2013-04-25,3923
2013-04-26,2722
2013-04-27,2132
2013-04-28,2603
2013-04-29,3014
2013-04-30,2647
2013-05-01,2504
2013-05-02,2409
2013-05-03,6543
2013-05-04,42222
2013-05-05,13197
2013-05-06,14109
2013-05-07,7626
2013-05-08,4937
2013-05-09,3549
2013-05-10,2724
2013-05-11,2508
2013-05-12,3347
2013-05-13,2821
2013-05-14,2584
2013-05-15,2264
2013-05-16,2311
2013-05-17,2042
2013-05-18,2494
2013-05-19,2484
2013-05-20,2898
2013-05-21,2351
2013-05-22,2495
2013-05-23,2271
2013-05-24,2324
2013-05-25,1926
2013-05-26,1942
2013-05-27,2207
2013-05-28,2185
2013-05-29,2287
2013-05-30,2169
2013-05-31,1956
2013-06-01,2089
2013-06-02,2036
2013-06-03,2138
2013-06-04,2268
2013-06-05,1930
2013-06-06,1928
2013-06-07,1864
2013-06-08,1694
2013-06-09,1889
2013-06-10,1992
2013-06-11,1880
2013-06-12,1673
2013-06-13,1725
2013-06-14,1596
2013-06-15,1362
2013-06-16,1797
2013-06-17,2025
2013-06-18,1917
2013-06-19,2360
2013-06-20,2077
2013-06-21,1540
2013-06-22,1530
2013-06-23,2445
2013-06-24,3746
2013-06-25,2374
2013-06-26,1900
2013-06-27,2088
2013-06-28,1947
2013-06-29,1775
2013-06-30,2098
2013-07-01,1939
2013-07-02,2138
2013-07-03,2346
2013-07-04,2065
2013-07-05,1441
2013-07-06,1436
2013-07-07,1787
2013-07-08,1840
2013-07-09,1844
2013-07-10,1862
2013-07-11,2037
2013-07-12,1532
2013-07-13,1844
2013-07-14,2865
2013-07-15,2437
2013-07-16,2113
2013-07-17,1909
2013-07-18,1856
2013-07-19,1531
2013-07-20,1803
2013-07-21,1800
2013-07-22,1636
2013-07-23,1796
2013-07-24,2013
2013-07-25,1752
2013-07-26,1509
2013-07-27,1458
2013-07-28,1608
2013-07-29,1785
2013-07-30,1823
2013-07-31,1756
2013-08-01,1697
2013-08-02,1602
2013-08-03,1614
2013-08-04,1674
2013-08-05,2284
2013-08-06,2113
2013-08-07,1818
2013-08-08,1632
2013-08-09,1441
2013-08-10,1363
2013-08-11,1579
2013-08-12,1761
2013-08-13,1832
2013-08-14,1898
2013-08-15,1963
2013-08-16,1654
2013-08-17,1606
2013-08-18,1692
2013-08-19,2428
2013-08-20,1735
2013-08-21,1870
2013-08-22,1904
2013-08-23,1563
2013-08-24,1299
2013-08-25,1751
2013-08-26,1634
2013-08-27,1761
2013-08-28,1718
2013-08-29,1612
2013-08-30,425
2013-08-31,1778
2013-09-01,1924
2013-09-02,2418
2013-09-03,2349
2013-09-04,2299
2013-09-05,2246
2013-09-06,2078
2013-09-07,1853
2013-09-08,2112
2013-09-09,2276
2013-09-10,2144
2013-09-11,1045
2013-09-12,2102
2013-09-13,1892
2013-09-14,1819
2013-09-15,2916
2013-09-16,2976
2013-09-17,2435
2013-09-18,1947
2013-09-19,1829
2013-09-20,1728
2013-09-21,1778
2013-09-22,1933
2013-09-23,2660
2013-09-24,2592
2013-09-25,15627
2013-09-26,6422
2013-09-27,12803
2013-09-28,20455
2013-09-29,20618
2013-09-30,15962
2013-10-01,10205
2013-10-02,7724
2013-10-03,21649
2013-10-04,44944
2013-10-05,22988
2013-10-06,27447
2013-10-07,22839
2013-10-08,7711
2013-10-09,22458
2013-10-10,6046
2013-10-11,4552
2013-10-12,3398
2013-10-13,7594
2013-10-14,4460
2013-10-15,4031
2013-10-16,5468
2013-10-17,24621
2013-10-18,5661
2013-10-19,3538
2013-10-20,5676
2013-10-21,17047
2013-10-22,8849
2013-10-23,4423
2013-10-24,3625
2013-10-25,2972
2013-10-26,3331
2013-10-27,4339
2013-10-28,5535
2013-10-29,3094
2013-10-30,3189
2013-10-31,2565
2013-11-01,2546
2013-11-02,2606
2013-11-03,2749
2013-11-04,2778
2013-11-05,2854
2013-11-06,2633
2013-11-07,2851
2013-11-08,2469
2013-11-09,2164
2013-11-10,2548
2013-11-11,2603
2013-11-12,2682
2013-11-13,2383
2013-11-14,2077
2013-11-15,2383
2013-11-16,3924
2013-11-17,2933
2013-11-18,3006
2013-11-19,2747
2013-11-20,2339
2013-11-21,2346
2013-11-22,2148
2013-11-23,1955
2013-11-24,2175
2013-11-25,2432
2013-11-26,2355
2013-11-27,2183
2013-11-28,1860
2013-11-29,2128
2013-11-30,2129
2013-12-01,3427
2013-12-02,3148
2013-12-03,3540
2013-12-04,3199
2013-12-05,2500
2013-12-06,2175
2013-12-07,2013
2013-12-08,2302
2013-12-09,2377
2013-12-10,2091
2013-12-11,2057
2013-12-12,2090
2013-12-13,2067
2013-12-14,2078
2013-12-15,2055
2013-12-16,2039
2013-12-17,2277
2013-12-18,1788
2013-12-19,1795
2013-12-20,1734
2013-12-21,1725
2013-12-22,20002
2013-12-23,27452
2013-12-24,3275
2013-12-25,2448
2013-12-26,2460
2013-12-27,2203
2013-12-28,3154
2013-12-29,4251
2013-12-30,2775
2013-12-31,2469
2014-01-01,2637
2014-01-02,3007
2014-01-03,2331
2014-01-04,2228
2014-01-05,2215
2014-01-06,2377
2014-01-07,2263
2014-01-08,2195
2014-01-09,2288
2014-01-10,2022
2014-01-11,2054
2014-01-12,5276
2014-01-13,4139
2014-01-14,2810
2014-01-15,2831
2014-01-16,2232
2014-01-17,1891
2014-01-18,1822
2014-01-19,1968
2014-01-20,1943
2014-01-21,2120
2014-01-22,1839
2014-01-23,1861
2014-01-24,1788
2014-01-25,1876
2014-01-26,1746
2014-01-27,1923
2014-01-28,2225
2014-01-29,1902
2014-01-30,2011
2014-01-31,1936
2014-02-01,1665
2014-02-02,1977
2014-02-03,2087
2014-02-04,2315
2014-02-05,2117
2014-02-06,1807
2014-02-07,1481
2014-02-08,1538
2014-02-09,1983
2014-02-10,2236
2014-02-11,2063
2014-02-12,1951
2014-02-13,1770
2014-02-14,1762
2014-02-15,1663
2014-02-16,2690
2014-02-17,2209
2014-02-18,1755
2014-02-19,1849
2014-02-20,1733
2014-02-21,1848
2014-02-22,1533
2014-02-23,1954
2014-02-24,1962
2014-02-25,2513
2014-02-26,1910
2014-02-27,1653
2014-02-28,1527
2014-03-01,1503
2014-03-02,1942
2014-03-03,1904
2014-03-04,1983
2014-03-05,2065
2014-03-06,1747
2014-03-07,1486
2014-03-08,2136
2014-03-09,2080
2014-03-10,1846
2014-03-11,1621
2014-03-12,1858
2014-03-13,1907
2014-03-14,1792
2014-03-15,1589
2014-03-16,1711
2014-03-17,1962
2014-03-18,1892
2014-03-19,1833
2014-03-20,1716
2014-03-21,1453
2014-03-22,1389
2014-03-23,1571
2014-03-24,1677
2014-03-25,1667
2014-03-26,1622
2014-03-27,1442
2014-03-28,1425
2014-03-29,1327
2014-03-30,1498
2014-03-31,1962
2014-04-01,2466
2014-04-02,1659
2014-04-03,10418
2014-04-04,1687
2014-04-05,2195
2014-04-06,13917
2014-04-07,3127
2014-04-08,2407
2014-04-09,1993
2014-04-10,2099
2014-04-11,1851
2014-04-12,1551
2014-04-13,1844
2014-04-14,1913
2014-04-15,3001
2014-04-16,2508
2014-04-17,2247
2014-04-18,1882
2014-04-19,1374
2014-04-20,1477
2014-04-21,2060
2014-04-22,11228
2014-04-23,6761
2014-04-24,3291
2014-04-25,2234
2014-04-26,1694
2014-04-27,2050
2014-04-28,2086
2014-04-29,1937
2014-04-30,1980
2014-05-01,2029
2014-05-02,2140
2014-05-03,1625
2014-05-04,1786
2014-05-05,1958
2014-05-06,1715
2014-05-07,1967
2014-05-08,1915
2014-05-09,1777
2014-05-10,1725
2014-05-11,3934
2014-05-12,2508
2014-05-13,1630
2014-05-14,1545
2014-05-15,1467
2014-05-16,1368
2014-05-17,1174
2014-05-18,1329
2014-05-19,1414
2014-05-20,1589
2014-05-21,1654
2014-05-22,1727
2014-05-23,1302
2014-05-24,1124
2014-05-25,1329
2014-05-26,1221
2014-05-27,1305
2014-05-28,1505
2014-05-29,1518
2014-05-30,1737
2014-05-31,1625
2014-06-01,2960
2014-06-02,1836
2014-06-03,1495
2014-06-04,1379
2014-06-05,1722
2014-06-06,1385
2014-06-07,1557
2014-06-08,1167
2014-06-09,727
2014-06-10,1394
2014-06-11,1372
2014-06-12,2230
2014-06-13,1238
2014-06-14,1184
2014-06-15,1344
2014-06-16,1548
2014-06-17,1384
2014-06-18,1458
2014-06-19,1151
2014-06-20,1381
2014-06-21,1585
2014-06-22,1318
2014-06-23,1304
2014-06-24,1631
2014-06-25,1370
2014-06-26,1458
2014-06-27,1141
2014-06-28,1235
2014-06-29,1303
2014-06-30,2152
2014-07-01,1643
2014-07-02,1692
2014-07-03,1807
2014-07-04,1538
2014-07-05,1185
2014-07-06,1947
2014-07-07,1753
2014-07-08,2439
2014-07-09,1746
2014-07-10,1465
2014-07-11,2418
2014-07-12,1532
2014-07-13,1358
2014-07-14,1624
2014-07-15,1735
2014-07-16,2152
2014-07-17,1683
2014-07-18,1771
2014-07-19,1496
2014-07-20,1664
2014-07-21,1664
2014-07-22,1684
2014-07-23,1777
2014-07-24,1815
2014-07-25,1299
2014-07-26,1390
2014-07-27,1546
2014-07-28,1716
2014-07-29,1798
2014-07-30,1581
2014-07-31,1396
2014-08-01,1777
2014-08-02,1989
2014-08-03,2240
2014-08-04,1921
2014-08-05,1715
2014-08-06,1702
2014-08-07,1506
2014-08-08,1534
2014-08-09,1659
2014-08-10,1462
2014-08-11,1639
2014-08-12,1599
2014-08-13,1459
2014-08-14,1517
2014-08-15,1531
2014-08-16,1945
2014-08-17,2299
2014-08-18,2354
2014-08-19,1551
2014-08-20,1716
2014-08-21,1518
2014-08-22,3464
2014-08-23,1659
2014-08-24,1450
2014-08-25,1695
2014-08-26,1692
2014-08-27,1511
2014-08-28,1527
2014-08-29,1288
2014-08-30,1202
2014-08-31,1773
2014-09-01,2073
2014-09-02,1677
2014-09-03,1639
2014-09-04,1920
2014-09-05,1444
2014-09-06,1540
2014-09-07,5326
2014-09-08,10061
2014-09-09,2584
2014-09-10,1889
2014-09-11,1600
2014-09-12,1473
2014-09-13,1757
2014-09-14,3661
2014-09-15,2087
2014-09-16,1827
2014-09-17,1608
2014-09-18,1543
2014-09-19,1294
2014-09-20,1331
2014-09-21,1642
2014-09-22,1585
2014-09-23,1520
2014-09-24,1502
2014-09-25,1477
2014-09-26,2153
2014-09-27,2328
2014-09-28,2199
2014-09-29,1970
2014-09-30,1868
2014-10-01,2121
2014-10-02,1559
2014-10-03,1377
2014-10-04,1365
2014-10-05,1488
2014-10-06,1609
2014-10-07,2228
2014-10-08,1808
2014-10-09,2000
2014-10-10,1515
2014-10-11,1357
2014-10-12,3194
2014-10-13,9356
2014-10-14,7744
2014-10-15,2050
2014-10-16,1527
2014-10-17,1371
2014-10-18,1438
2014-10-19,1480
2014-10-20,1729
2014-10-21,2074
2014-10-22,5257
2014-10-23,3100
2014-10-24,1556
2014-10-25,1395
2014-10-26,1505
2014-10-27,1965
2014-10-28,1553
2014-10-29,1405
2014-10-30,1397
2014-10-31,1327
2014-11-01,1755
2014-11-02,1783
2014-11-03,1655
2014-11-04,1805
2014-11-05,1449
2014-11-06,1837
2014-11-07,1878
2014-11-08,1416
2014-11-09,1441
2014-11-10,1511
2014-11-11,1709
2014-11-12,1349
2014-11-13,1865
2014-11-14,1587
2014-11-15,3955
2014-11-16,1702
2014-11-17,1713
2014-11-18,1771
2014-11-19,1537
2014-11-20,1403
2014-11-21,1134
2014-11-22,1251
2014-11-23,1265
2014-11-24,1482
2014-11-25,1678
2014-11-26,1401
2014-11-27,1843
2014-11-28,1537
2014-11-29,1338
2014-11-30,1852
2014-12-01,2007
2014-12-02,1895
2014-12-03,1594
2014-12-04,1491
2014-12-05,1482
2014-12-06,1402
2014-12-07,1822
2014-12-08,1781
2014-12-09,1699
2014-12-10,1835
2014-12-11,1731
2014-12-12,1255
2014-12-13,1389
2014-12-14,2027
2014-12-15,1561
2014-12-16,1371
2014-12-17,1595
2014-12-18,1453
2014-12-19,1153
2014-12-20,1310
2014-12-21,1414
2014-12-22,1427
2014-12-23,1452
2014-12-24,5790
2014-12-25,1651
2014-12-26,1334
2014-12-27,1216
2014-12-28,2518
2014-12-29,1973
2014-12-30,1742
2014-12-31,1275
2015-01-01,1602
2015-01-02,2032
2015-01-03,1660
2015-01-04,1769
2015-01-05,1693
2015-01-06,1962
2015-01-07,1733
2015-01-08,1671
2015-01-09,1295
2015-01-10,2449
2015-01-11,3651
2015-01-12,2137
2015-01-13,1967
2015-01-14,1866
2015-01-15,1660
2015-01-16,1332
2015-01-17,1442
2015-01-18,1511
2015-01-19,1553
2015-01-20,1551
2015-01-21,1604
2015-01-22,1466
2015-01-23,1483
2015-01-24,2181
2015-01-25,1926
2015-01-26,1835
2015-01-27,1909
2015-01-28,1757
2015-01-29,2075
2015-01-30,1589
2015-01-31,1513
2015-02-01,1835
2015-02-02,2049
2015-02-03,2020
2015-02-04,2233
2015-02-05,2391
2015-02-06,1914
2015-02-07,1957
2015-02-08,4423
2015-02-09,2804
2015-02-10,2288
2015-02-11,1789
2015-02-12,2127
2015-02-13,1793
2015-02-14,1680
2015-02-15,2217
2015-02-16,2063
2015-02-17,2062
2015-02-18,1933
2015-02-19,2096
2015-02-20,1686
2015-02-21,1616
2015-02-22,1794
2015-02-23,1964
2015-02-24,2006
2015-02-25,1798
2015-02-26,1520
2015-02-27,1842
2015-02-28,1758
2015-03-01,2032
2015-03-02,2225
2015-03-03,1993
2015-03-04,2059
2015-03-05,2020
2015-03-06,1819
2015-03-07,1708
2015-03-08,1821
2015-03-09,2078
2015-03-10,1952
2015-03-11,1742
2015-03-12,1834
2015-03-13,1550
2015-03-14,1545
2015-03-15,1778
2015-03-16,2245
2015-03-17,2158
2015-03-18,2422
2015-03-19,3864
2015-03-20,3422
2015-03-21,2899
2015-03-22,2254
2015-03-23,2306
2015-03-24,2237
2015-03-25,2343
2015-03-26,1950
2015-03-27,1610
2015-03-28,1636
2015-03-29,1870
2015-03-30,5162
2015-03-31,3679
2015-04-01,2700
2015-04-02,2022
2015-04-03,1873
2015-04-04,2110
2015-04-05,1901
2015-04-06,1665
2015-04-07,1757
2015-04-08,2020
2015-04-09,1944
2015-04-10,1765
2015-04-11,1523
2015-04-12,1604
2015-04-13,2159
2015-04-14,1588
2015-04-15,2177
2015-04-16,1882
2015-04-17,1526
2015-04-18,4370
2015-04-19,4279
2015-04-20,2296
2015-04-21,1838
2015-04-22,2014
2015-04-23,1696
2015-04-24,2480
2015-04-25,1739
2015-04-26,2430
2015-04-27,2144
2015-04-28,1778
2015-04-29,1772
2015-04-30,1517
2015-05-01,1791
2015-05-02,1981
2015-05-03,1749
2015-05-04,1949
2015-05-05,6618
2015-05-06,5172
2015-05-07,2531
2015-05-08,1886
2015-05-09,1706
2015-05-10,1788
2015-05-11,2142
2015-05-12,2001
2015-05-13,1889
2015-05-14,1884
2015-05-15,4384
2015-05-16,5640
2015-05-17,2439
2015-05-18,2324
2015-05-19,2140
2015-05-20,1896
2015-05-21,1806
2015-05-22,1656
2015-05-23,1519
2015-05-24,4834
2015-05-25,2843
2015-05-26,2084
2015-05-27,2217
2015-05-28,1939
2015-05-29,1881
2015-05-30,2198
2015-05-31,1896
2015-06-01,2400
2015-06-02,2105
2015-06-03,3710
2015-06-04,2197
2015-06-05,2031
2015-06-06,1705
2015-06-07,2020
2015-06-08,1900
2015-06-09,1917
2015-06-10,1859
2015-06-11,1673
2015-06-12,1900
2015-06-13,1438
2015-06-14,1439
2015-06-15,1514
2015-06-16,1566
2015-06-17,1678
2015-06-18,1933
2015-06-19,1819
2015-06-20,1524
2015-06-21,1562
2015-06-22,1874
2015-06-23,1665
2015-06-24,1519
2015-06-25,1642
2015-06-26,1475
2015-06-27,1309
2015-06-28,1754
2015-06-29,1570
2015-06-30,1329
2015-07-01,1552
2015-07-02,1538
2015-07-03,1419
2015-07-04,1632
2015-07-05,2258
2015-07-06,1795
2015-07-07,1797
2015-07-08,1717
2015-07-09,1751
2015-07-10,1603
2015-07-11,1562
2015-07-12,2085
2015-07-13,1676
2015-07-14,1760
2015-07-15,13764
2015-07-16,23171
2015-07-17,5156
2015-07-18,2872
2015-07-19,3210
2015-07-20,3552
2015-07-21,2882
2015-07-22,2327
2015-07-23,2162
2015-07-24,1821
2015-07-25,1724
2015-07-26,1671
2015-07-27,2241
2015-07-28,2511
2015-07-29,2090
2015-07-30,1640
2015-07-31,1552
2015-08-01,1672
2015-08-02,1626
2015-08-03,2004
2015-08-04,1826
2015-08-05,9812
2015-08-06,14793
2015-08-07,2991
2015-08-08,1549
2015-08-09,1923
2015-08-10,4835
2015-08-11,3408
2015-08-12,2252
2015-08-13,1683
2015-08-14,2041
2015-08-15,1493
2015-08-16,1702
2015-08-17,1660
2015-08-18,1770
2015-08-19,2279
2015-08-20,4535
2015-08-21,3278
2015-08-22,3112
2015-08-23,3539
2015-08-24,4098
2015-08-25,2882
2015-08-26,2325
2015-08-27,2808
2015-08-28,2194
2015-08-29,1850
2015-08-30,2029
2015-08-31,2310
2015-09-01,2217
2015-09-02,2294
2015-09-03,2326
2015-09-04,2272
2015-09-05,1681
2015-09-06,1715
2015-09-07,2054
2015-09-08,2551
2015-09-09,2071
2015-09-10,1976
2015-09-11,1997
2015-09-12,1740
2015-09-13,1902
2015-09-14,2273
2015-09-15,1996
2015-09-16,2318
2015-09-17,2181
2015-09-18,1817
2015-09-19,2190
2015-09-20,2235
2015-09-21,1992
2015-09-22,1980
2015-09-23,1910
2015-09-24,1711
2015-09-25,1811
2015-09-26,2397
2015-09-27,2359
2015-09-28,2056
2015-09-29,2334
2015-09-30,2274
2015-10-01,1904
2015-10-02,18093
2015-10-03,4937
2015-10-04,2881
2015-10-05,11759
2015-10-06,4701
2015-10-07,2760
2015-10-08,2372
2015-10-09,1967
2015-10-10,1997
2015-10-11,1862
2015-10-12,2149
2015-10-13,2372
2015-10-14,2088
2015-10-15,1857
2015-10-16,1950
2015-10-17,1635
2015-10-18,1856
2015-10-19,1867
2015-10-20,1988
2015-10-21,1950
2015-10-22,1784
2015-10-23,1602
2015-10-24,1792
2015-10-25,1680
2015-10-26,2087
2015-10-27,2001
2015-10-28,1817
2015-10-29,1736
2015-10-30,1501
2015-10-31,1456
2015-11-01,1924
2015-11-02,2332
2015-11-03,2188
2015-11-04,2068
2015-11-05,1985
2015-11-06,1699
2015-11-07,1857
2015-11-08,1664
2015-11-09,1798
2015-11-10,1849
2015-11-11,1813
2015-11-12,1862
2015-11-13,1772
2015-11-14,1860
2015-11-15,2287
2015-11-16,2245
2015-11-17,1849
2015-11-18,1881
2015-11-19,1685
2015-11-20,2097
2015-11-21,1757
2015-11-22,2324
2015-11-23,1906
2015-11-24,1668
2015-11-25,1544
2015-11-26,1517
2015-11-27,1602
2015-11-28,1753
2015-11-29,2011
2015-11-30,1839
2015-12-01,1692
2015-12-02,1700
2015-12-03,3575
2015-12-04,1608
2015-12-05,1617
2015-12-06,1664
2015-12-07,1691
2015-12-08,4072
2015-12-09,6184
2015-12-10,3641
2015-12-11,2062
2015-12-12,1989
2015-12-13,1839
2015-12-14,1797
2015-12-15,1730
2015-12-16,1584
2015-12-17,1479
2015-12-18,2282
2015-12-19,2047
2015-12-20,1513
2015-12-21,1912
2015-12-22,1970
2015-12-23,1499
2015-12-24,1497
2015-12-25,1415
2015-12-26,1482
2015-12-27,1322
2015-12-28,1651
2015-12-29,1575
2015-12-30,1476
2015-12-31,1801
2016-01-01,1878
2016-01-02,1935
2016-01-03,1718
2016-01-04,2127
2016-01-05,2506
2016-01-06,2066
2016-01-07,2335
2016-01-08,2181
2016-01-09,1757
2016-01-10,2090
2016-01-11,2346
2016-01-12,2532
2016-01-13,2595
2016-01-14,2867
2016-01-15,1954
2016-01-16,1705
2016-01-17,2354
2016-01-18,2536
2016-01-19,2127
2016-01-20,2168
2016-01-21,2331
2016-01-22,1598
2016-01-23,1548
2016-01-24,1706
2016-01-25,1794
2016-01-26,1811
2016-01-27,1724
2016-01-28,1440
2016-01-29,1556
2016-01-30,1387
2016-01-31,1866
2016-02-01,2009
2016-02-02,1752
2016-02-03,1602
2016-02-04,1772
2016-02-05,1883
2016-02-06,1607
2016-02-07,1467
2016-02-08,1888
2016-02-09,1946
2016-02-10,1642
2016-02-11,1707
2016-02-12,1494
2016-02-13,1469
2016-02-14,1304
2016-02-15,1631
2016-02-16,1806
2016-02-17,1718
2016-02-18,1808
2016-02-19,1807
2016-02-20,1442
2016-02-21,1484
2016-02-22,1676
2016-02-23,2149
2016-02-24,1869
2016-02-25,1704
2016-02-26,1541
2016-02-27,1528
2016-02-28,1440
2016-02-29,1861
2016-03-01,2284
2016-03-02,4281
2016-03-03,2096
2016-03-04,1711
2016-03-05,1520
2016-03-06,1549
2016-03-07,1731
2016-03-08,1850
2016-03-09,1521
2016-03-10,1481
2016-03-11,1416
2016-03-12,1395
2016-03-13,1425
2016-03-14,1523
2016-03-15,1397
2016-03-16,1516
2016-03-17,1463
2016-03-18,1643
2016-03-19,1386
2016-03-20,1760
2016-03-21,1532
2016-03-22,1639
2016-03-23,1610
2016-03-24,1428
2016-03-25,1237
2016-03-26,1300
2016-03-27,1271
2016-03-28,1728
2016-03-29,1843
2016-03-30,1863
2016-03-31,1562
2016-04-01,1592
2016-04-02,1776
2016-04-03,1410
2016-04-04,1525
2016-04-05,1578
2016-04-06,1350
2016-04-07,1409
2016-04-08,1330
2016-04-09,1372
2016-04-10,1497
2016-04-11,1563
2016-04-12,1809
2016-04-13,1690
2016-04-14,1526
2016-04-15,1364
2016-04-16,1313
2016-04-17,1605
2016-04-18,1554
2016-04-19,1491
2016-04-20,1520
2016-04-21,1695
2016-04-22,1386
2016-04-23,1514
2016-04-24,1536
2016-04-25,1629
2016-04-26,1492
2016-04-27,1734
2016-04-28,1472
2016-04-29,1348
2016-04-30,1326
2016-05-01,1371
2016-05-02,1938
2016-05-03,1563
2016-05-04,1533
2016-05-05,1385
2016-05-06,1351
2016-05-07,1286
2016-05-08,1630
2016-05-09,1574
2016-05-10,1569
2016-05-11,1593
2016-05-12,1565
2016-05-13,1533
2016-05-14,1304
2016-05-15,1400
2016-05-16,1525
2016-05-17,1463
2016-05-18,1562
2016-05-19,1427
2016-05-20,1243
2016-05-21,1544
2016-05-22,1469
2016-05-23,1501
2016-05-24,1501
2016-05-25,1485
2016-05-26,1387
2016-05-27,1292
2016-05-28,1634
2016-05-29,1433
2016-05-30,1410
2016-05-31,1378
2016-06-01,1445
2016-06-02,1560
2016-06-03,2395
2016-06-04,1527
2016-06-05,1227
2016-06-06,1471
2016-06-07,1429
2016-06-08,1372
2016-06-09,1304
2016-06-10,1160
2016-06-11,1091
2016-06-12,1282
2016-06-13,1381
2016-06-14,1878
2016-06-15,1342
2016-06-16,1322
2016-06-17,1012
2016-06-18,1130
2016-06-19,1312
2016-06-20,1243
2016-06-21,1162
2016-06-22,1169
2016-06-23,1203
2016-06-24,1224
2016-06-25,1161
2016-06-26,1271
2016-06-27,1307
2016-06-28,1429
2016-06-29,1261
2016-06-30,1556
2016-07-01,1241
2016-07-02,1261
2016-07-03,1652
2016-07-04,1319
2016-07-05,1446
2016-07-06,1324
2016-07-07,1452
2016-07-08,1304
2016-07-09,1075
2016-07-10,1215
2016-07-11,1231
2016-07-12,1363
2016-07-13,1531
2016-07-14,1807
2016-07-15,1266
2016-07-16,1191
2016-07-17,1493
2016-07-18,1480
2016-07-19,1356
2016-07-20,1382
2016-07-21,1286
2016-07-22,1200
2016-07-23,1212
2016-07-24,1576
2016-07-25,1432
2016-07-26,3111
2016-07-27,2523
2016-07-28,1524
2016-07-29,1486
2016-07-30,1089
2016-07-31,1686
2016-08-01,1899
2016-08-02,2007
2016-08-03,1900
2016-08-04,1737
2016-08-05,1850
2016-08-06,1474
2016-08-07,1926
2016-08-08,1739
2016-08-09,1582
2016-08-10,1450
2016-08-11,1309
2016-08-12,1323
2016-08-13,1180
2016-08-14,1532
2016-08-15,1468
2016-08-16,1307
2016-08-17,1444
2016-08-18,1313
2016-08-19,1369
2016-08-20,1168
2016-08-21,1393
2016-08-22,1527
2016-08-23,1551
2016-08-24,2212
2016-08-25,1794
2016-08-26,2955
2016-08-27,1763
2016-08-28,1763
2016-08-29,2734
2016-08-30,2392
2016-08-31,1707
2016-09-01,1541
2016-09-02,1233
2016-09-03,1326
2016-09-04,1450
2016-09-05,1490
2016-09-06,1660
2016-09-07,1732
2016-09-08,1513
2016-09-09,1205
2016-09-10,1173
2016-09-11,1461
2016-09-12,1502
2016-09-13,1438
2016-09-14,1558
2016-09-15,1341
2016-09-16,1494
2016-09-17,1199
2016-09-18,2874
2016-09-19,3435
2016-09-20,5062
2016-09-21,28292
2016-09-22,3566
2016-09-23,3136
2016-09-24,2294
2016-09-25,2141
2016-09-26,2469
2016-09-27,1866
2016-09-28,1653
2016-09-29,1942
2016-09-30,1696
2016-10-01,1356
2016-10-02,1625
2016-10-03,2048
2016-10-04,1750
2016-10-05,1600
2016-10-06,1470
2016-10-07,1411
2016-10-08,1312
2016-10-09,1404
2016-10-10,1493
2016-10-11,1376
2016-10-12,1591
2016-10-13,1370
2016-10-14,1441
2016-10-15,1173
2016-10-16,1306
2016-10-17,1440
2016-10-18,1497
2016-10-19,2010
2016-10-20,1198
2016-10-21,1224
2016-10-22,1499
2016-10-23,1321
2016-10-24,1621
2016-10-25,1426
2016-10-26,1547
2016-10-27,2753
2016-10-28,1933
2016-10-29,1186
2016-10-30,1340
2016-10-31,1631
2016-11-01,1330
2016-11-02,1259
2016-11-03,1581
2016-11-04,1132
2016-11-05,1162
2016-11-06,1805
2016-11-07,1427
2016-11-08,1039
2016-11-09,935
2016-11-10,1107
2016-11-11,1030
2016-11-12,1027
2016-11-13,1359
2016-11-14,1477
2016-11-15,1423
2016-11-16,1385
2016-11-17,1406
2016-11-18,1234
2016-11-19,1170
2016-11-20,1111
2016-11-21,1303
2016-11-22,1364
2016-11-23,1183
2016-11-24,1094
2016-11-25,1102
2016-11-26,1067
2016-11-27,1708
2016-11-28,1856
2016-11-29,2178
2016-11-30,2190
2016-12-01,2188
2016-12-02,1990
2016-12-03,1150
2016-12-04,928
2016-12-05,1346
2016-12-06,1506
2016-12-07,1095
2016-12-08,1156
2016-12-09,1414
2016-12-10,969
2016-12-11,9602
2016-12-12,11113
2016-12-13,3290
2016-12-14,2424
2016-12-15,1847
2016-12-16,1328
2016-12-17,1189
2016-12-18,1230
2016-12-19,1229
2016-12-20,1134
2016-12-21,7083
2016-12-22,3381
2016-12-23,1481
2016-12-24,934
2016-12-25,1032
2016-12-26,968
2016-12-27,1133
2016-12-28,1132
2016-12-29,1116
2016-12-30,1360
2016-12-31,1169
2017-01-01,945
2017-01-02,1584
2017-01-03,1417
2017-01-04,1628
2017-01-05,1611
2017-01-06,1522
2017-01-07,1231
2017-01-08,1402
