"Date","Start.of.Night","Time.to.Z","Total.Z","Time.in.Wake","Rise.Time","Morning.Caffeine.r","Morning.Caffeine","Caffeine","MP"
2013-11-10,405,12,541,20,471,NA,0,0,4
2013-11-11,430,44,487,34,466,NA,1,1,3
2013-11-12,425,5,579,13,516,NA,1,1,3
2013-11-13,435,16,533,29,506,NA,1,1,2
2013-11-14,470,12,504,27,521,NA,0,0,4
2013-11-15,435,17,552,4,516,NA,1,1,3
2013-11-16,430,17,544,33,516,NA,0,0,3
2013-11-17,410,39,554,20,526,NA,0,0,3
2013-11-18,460,18,466,38,466,NA,0,0,2
2013-11-19,430,2,604,25,566,NA,1,1,3
2013-11-20,445,12,508,13,481,NA,0,0,4
2013-11-21,455,24,495,29,501,NA,1,1,4
2013-11-22,420,10,569,28,521,NA,0,0,4
2013-11-23,405,2,548,46,451,NA,1,1,3
2013-11-24,440,33,488,18,476,NA,0,0,3
2013-11-25,440,10,577,16,541,NA,1,1,4
2013-11-26,420,23,582,34,566,NA,0,0,4
2013-11-27,445,30,477,20,471,NA,0,0,3
2013-11-28,425,20,537,6,496,NA,0,0,3
2013-11-29,420,2,500,31,451,NA,1,1,4
2013-11-30,395,37,523,20,471,NA,0,0,4
2013-12-01,430,15,481,24,441,NA,1,1,3
2013-12-02,420,13,538,46,511,NA,0,0,3
2013-12-03,420,15,543,36,501,NA,0,0,3
2013-12-04,455,11,456,47,476,NA,1,1,2
2013-12-05,455,11,528,4,501,NA,1,1,3
2013-12-06,450,10,466,27,446,NA,0,0,2
2013-12-07,450,3,558,12,526,NA,1,1,3
2013-12-08,425,13,564,1,546,NA,0,0,3
2013-12-09,440,3,515,11,496,NA,0,0,4
2013-12-10,420,31,586,24,571,NA,1,1,3
2013-12-11,445,21,512,21,496,NA,0,0,3
2013-12-12,425,1,589,34,576,NA,0,0,3
2013-12-13,435,15,537,14,496,NA,0,0,4
2013-12-14,470,26,490,29,496,NA,1,1,4
2013-12-15,435,22,501,21,481,NA,0,0,3
2013-12-16,430,1,620,17,581,NA,1,1,2
2013-12-17,440,11,499,50,511,NA,0,0,3
2013-12-18,450,3,530,7,496,NA,1,1,3
2013-12-19,445,6,540,7,506,NA,0,0,2
2013-12-20,460,15,524,18,521,NA,1,1,3
2013-12-21,490,1,471,7,491,NA,0,0,4
2013-12-22,480,31,465,21,496,NA,1,1,4
2013-12-23,420,3,581,6,531,NA,1,1,3
2013-12-24,420,1,457,10,386,NA,0,0,3
2013-12-25,360,2,567,7,511,NA,0,0,3
2013-12-26,395,1,560,11,481,NA,0,0,4
2013-12-27,440,1,552,2,511,NA,0,0,3
2013-12-28,425,19,496,27,461,NA,0,0,3
2013-12-29,470,15,498,9,506,NA,0,0,4
2013-12-30,470,19,474,25,471,NA,1,1,4
2013-12-31,440,18,523,13,491,NA,1,1,3
2014-01-01,425,16,337,9,441,NA,0,0,4
2014-01-02,475,8,512,28,526,NA,1,1,3
2014-01-03,425,1,540,13,491,NA,0,0,2
2014-01-04,395,17,477,15,406,NA,0,0,3
2014-01-05,430,6,391,27,361,NA,1,1,4
2014-01-06,455,29,472,41,466,NA,0,0,3
2014-01-07,440,21,513,20,486,NA,1,1,2
2014-01-08,425,2,527,13,456,NA,0,0,4
2014-01-09,420,15,571,12,521,NA,0,0,3
2014-01-10,410,16,589,26,541,NA,0,0,4
2014-01-11,450,12,506,24,501,NA,1,1,4
2014-01-12,420,32,486,30,446,NA,0,0,3
2014-01-13,415,19,558,16,506,NA,1,1,4
2014-01-14,410,9,604,12,541,NA,0,0,4
2014-01-15,380,19,625,5,526,NA,0,0,3
2014-01-16,400,2,527,18,446,NA,0,0,2
2014-01-17,395,31,496,40,476,NA,1,1,3
2014-01-18,425,1,492,18,456,NA,0,0,3
2014-01-19,425,2,512,9,456,NA,0,0,3
2014-01-20,415,2,600,13,536,NA,1,1,3
2014-01-21,430,1,530,19,486,NA,0,0,2
2014-01-22,430,5,498,8,446,NA,1,1,2
2014-01-23,405,18,541,17,461,NA,0,0,4
2014-01-24,420,14,542,17,496,NA,0,0,4
2014-01-25,410,13,536,4,471,NA,1,1,4
2014-01-26,415,2,590,13,526,NA,0,0,3
2014-01-27,425,2,594,25,556,NA,1,1,3
2014-01-28,470,1,550,10,536,NA,0,0,4
2014-01-29,420,6,552,5,491,NA,0,0,3
2014-01-30,415,7,549,8,491,NA,1,1,4
2014-01-31,440,15,558,6,526,NA,0,0,2
2014-02-01,440,2,543,32,536,NA,0,0,3
2014-02-02,440,2,549,32,516,NA,1,1,3
2014-02-03,420,2,513,13,611,NA,0,0,3
2014-02-04,450,58,400,27,561,NA,0,0,2
2014-02-05,440,5,570,43,576,NA,0,0,2
2014-02-06,515,2,556,20,606,NA,0,0,3
2014-02-07,440,25,571,27,571,NA,0,0,2
2014-02-08,450,68,548,4,581,NA,0,0,3
2014-02-09,435,13,612,7,566,NA,0,0,4
2014-02-10,440,13,581,25,566,NA,0,0,3
2014-02-11,435,19,576,27,551,NA,0,0,3
2014-02-12,420,17,588,10,536,NA,0,0,4
2014-02-13,430,1,613,5,561,NA,1,1,3
2014-02-14,500,2,545,20,571,NA,0,0,4
2014-02-15,455,2,562,51,586,NA,0,0,4
2014-02-16,425,16,586,4,541,NA,1,1,3
2014-02-17,445,23,541,33,541,NA,0,0,4
2014-02-18,425,13,570,5,521,NA,0,0,3
2014-02-19,445,1,557,20,526,NA,0,0,3
2014-02-20,460,1,534,11,511,NA,0,0,4
2014-02-21,420,26,574,18,546,NA,0,0,3
2014-02-22,445,11,506,31,506,NA,0,0,2
2014-02-23,430,12,565,28,551,NA,1,1,2
2014-02-24,445,11,507,19,491,NA,0,0,3
2014-02-25,430,7,556,14,516,NA,1,1,3
2014-02-26,420,16,578,19,521,NA,0,0,2
2014-02-27,470,18,513,18,496,NA,0,0,3
2014-02-28,440,25,549,18,536,NA,0,0,3
2014-03-01,425,21,487,15,466,NA,1,1,4
2014-03-02,470,1,534,14,516,NA,0,0,3
2014-03-03,535,9,451,32,511,NA,0,0,2
2014-03-04,485,3,487,24,501,NA,0,0,3
2014-03-05,410,7,551,35,511,NA,1,1,4
2014-03-06,415,2,553,19,496,NA,0,0,2
2014-03-07,435,27,538,28,521,NA,0,0,3
2014-03-08,455,1,506,39,551,NA,0,0,4
2014-03-09,440,30,579,9,576,NA,0,0,3
2014-03-10,480,17,540,20,561,NA,0,0,3
2014-03-11,550,1,485,21,591,NA,0,0,2
2014-03-12,435,51,586,20,596,NA,0,0,3
2014-03-13,605,1,472,11,596,NA,0,0,2
2014-03-14,475,15,616,16,611,NA,0,0,3
2014-03-15,445,12,544,5,591,NA,0,0,4
2014-03-16,540,1,542,21,626,NA,0,0,3
2014-03-17,460,90,502,88,606,NA,0,0,4
2014-03-18,450,2,635,25,611,NA,0,0,4
2014-03-19,510,29,544,15,586,NA,0,0,3
2014-03-20,510,6,576,29,616,NA,0,0,2
2014-03-21,490,1,579,23,586,NA,0,0,3
2014-03-22,480,1,584,27,591,NA,0,0,2
2014-03-23,480,10,597,14,651,NA,0,0,2
2014-03-24,510,2,517,19,536,NA,0,0,4
2014-03-25,405,1,567,14,516,NA,0,0,4
2014-03-26,470,2,580,23,566,NA,0,0,3
2014-03-27,505,14,497,33,561,NA,0,0,3
2014-03-28,425,1,549,10,516,NA,0,0,3
2014-03-29,425,1,591,18,551,NA,0,0,4
2014-03-30,535,1,439,6,481,NA,0,0,2
2014-03-31,420,1,595,7,526,NA,0,0,3
2014-04-01,425,1,576,25,551,NA,0,0,3
2014-04-02,435,2,533,23,481,NA,0,0,2
2014-04-03,435,1,566,24,516,NA,0,0,3
2014-04-04,460,1,544,18,516,NA,0,0,3
2014-04-05,600,2,456,31,561,NA,0,0,4
2014-04-06,555,7,536,17,601,NA,0,0,4
2014-04-07,465,2,458,168,656,NA,NA,NA,3
2014-04-08,500,1,610,12,651,NA,NA,NA,3
2014-04-09,470,48,348,93,451,NA,NA,NA,3
2014-04-10,495,2,614,24,646,NA,NA,NA,2
2014-04-11,480,1,281,142,991,NA,NA,NA,3
2014-04-12,490,1,613,18,621,NA,NA,NA,3
2014-04-13,465,2,586,26,576,NA,NA,NA,3
2014-04-14,495,5,632,8,656,NA,NA,NA,4
2014-04-15,540,10,548,14,611,NA,NA,NA,2
2014-04-16,485,2,578,26,626,NA,NA,NA,2
2014-04-17,505,13,574,7,601,NA,NA,NA,3
2014-04-18,500,2,519,10,541,NA,NA,NA,3
2014-04-19,455,5,550,28,546,NA,NA,NA,2
2014-04-20,550,1,480,22,556,NA,NA,NA,4
2014-04-21,470,4,557,27,561,NA,NA,NA,4
2014-04-22,460,30,524,50,531,NA,NA,NA,4
2014-04-23,495,1,559,12,636,NA,NA,NA,3
2014-04-24,485,5,540,17,546,NA,NA,NA,3
2014-04-25,445,6,605,20,636,NA,NA,NA,3
2014-04-26,495,6,578,9,616,NA,NA,NA,4
2014-04-27,585,1,567,4,661,NA,NA,NA,2
2014-04-28,525,1,575,25,621,NA,NA,NA,2
2014-04-29,500,1,577,12,596,NA,NA,NA,2
2014-04-30,470,2,601,13,596,NA,NA,NA,3
2014-05-01,490,25,546,38,606,NA,NA,NA,3
2014-05-02,465,19,597,35,611,NA,NA,NA,3
2014-05-03,495,1,544,25,571,NA,NA,NA,2
2014-05-04,500,25,488,40,571,NA,NA,NA,4
2014-05-05,475,49,408,30,551,NA,NA,NA,3
2014-05-06,490,2,493,73,536,NA,NA,NA,4
2014-05-07,465,14,574,7,581,NA,NA,NA,2
2014-05-08,500,21,565,3,596,NA,NA,NA,3
2014-05-09,495,31,518,35,571,NA,NA,NA,4
2014-05-10,470,40,557,28,586,NA,NA,NA,4
2014-05-11,540,18,490,29,631,NA,NA,NA,3
2014-05-12,470,32,600,12,616,NA,NA,NA,3
2014-05-13,475,37,528,22,631,NA,NA,NA,3
2014-05-14,455,27,609,39,636,NA,NA,NA,3
2014-05-15,470,35,634,24,651,NA,NA,NA,3
2014-05-16,480,25,563,63,611,NA,NA,NA,2
2014-05-17,490,33,640,11,676,NA,NA,NA,3
2014-05-18,465,30,629,16,651,NA,NA,NA,2
2014-05-19,485,21,577,11,621,NA,NA,NA,2
2014-05-20,465,17,633,3,626,NA,NA,NA,2
2014-05-21,550,37,552,23,676,NA,NA,NA,4
2014-05-22,465,42,533,32,561,NA,NA,NA,4
2014-05-23,475,23,520,76,601,NA,NA,NA,4
2014-05-24,450,26,592,19,591,NA,NA,NA,3
2014-05-25,460,18,544,9,571,NA,NA,NA,3
2014-05-26,490,23,503,30,556,NA,NA,NA,3
2014-05-27,490,14,528,6,536,NA,NA,NA,3
2014-05-28,465,18,432,61,551,NA,NA,NA,4
2014-05-29,470,14,545,18,571,NA,NA,NA,4
2014-05-30,460,38,597,22,606,NA,NA,NA,4
2014-05-31,505,33,487,17,541,NA,NA,NA,4
2014-06-01,485,16,508,30,536,NA,NA,NA,3
2014-06-02,460,12,578,39,551,NA,NA,NA,3
2014-06-03,480,19,509,59,536,NA,NA,NA,2
2014-06-04,475,17,516,50,511,NA,NA,NA,3
2014-06-05,485,20,536,8,566,NA,NA,NA,4
2014-06-06,480,27,501,71,581,NA,NA,NA,4
2014-06-07,465,10,566,20,551,NA,NA,NA,3
2014-06-08,490,42,543,16,601,NA,NA,NA,3
2014-06-09,480,37,302,6,551,NA,NA,NA,3
2014-06-10,485,40,488,47,526,NA,NA,NA,3
2014-06-11,475,17,613,21,636,NA,NA,NA,3
2014-06-12,480,35,494,10,536,NA,NA,NA,3
2014-06-13,485,16,612,18,631,NA,NA,NA,2
2014-06-14,480,33,594,25,646,NA,NA,NA,2
2014-06-15,505,16,570,54,656,NA,NA,NA,3
2014-06-16,520,42,507,49,576,NA,NA,NA,3
2014-06-17,465,17,564,19,611,NA,NA,NA,3
2014-06-18,480,25,549,15,591,NA,NA,NA,4
2014-06-19,475,24,586,26,606,NA,NA,NA,3
2014-06-20,470,21,525,34,591,NA,NA,NA,3
2014-06-21,475,16,570,24,611,NA,NA,NA,3
2014-06-22,480,16,611,26,646,NA,NA,NA,2
2014-06-23,460,26,488,11,566,NA,NA,NA,2
2014-06-24,495,29,329,7,591,NA,NA,NA,4
2014-06-25,495,15,547,14,591,NA,NA,NA,4
2014-06-26,485,15,525,11,621,NA,NA,NA,2
2014-06-27,NA,NA,NA,NA,NA,NA,NA,NA,4
2014-06-28,260,5,147,10,646,NA,NA,NA,4
2014-06-28,490,40,488,11,526,NA,NA,NA,4
2014-06-29,515,27,467,31,591,0,NA,0,4
2014-06-30,505,23,533,27,591,1,NA,1,3
2014-07-01,480,21,532,32,561,0,NA,0,2
2014-07-02,455,22,611,13,596,1,NA,1,4
2014-07-03,475,51,353,10,581,1,NA,1,3
2014-07-04,545,18,512,23,591,0,NA,0,4
2014-07-05,495,12,553,21,591,1,NA,1,4
2014-07-06,510,26,538,23,626,0,NA,0,3
2014-07-07,490,18,453,46,506,0,NA,0,4
2014-07-08,500,16,534,6,616,1,NA,1,4
2014-07-09,445,20,640,26,651,0,NA,0,2
2014-07-10,510,79,473,27,596,1,NA,1,4
2014-07-11,525,24,421,38,636,0,NA,0,4
2014-07-12,500,18,577,28,636,0,NA,0,2
2014-07-13,510,24,477,26,601,1,NA,1,3
2014-07-14,455,25,550,25,556,1,NA,1,3
2014-07-15,445,25,490,54,531,0,NA,0,4
2014-07-16,440,29,490,10,486,1,NA,1,4
2014-07-17,450,22,554,15,546,NA,NA,NA,4
2014-07-18,460,23,543,27,541,0,NA,0,3
2014-07-19,455,15,527,26,511,1,NA,1,3
2014-07-20,430,22,536,13,491,0,NA,0,3
2014-07-21,470,12,501,17,496,1,NA,1,3
2014-07-22,445,19,533,11,511,0,NA,0,3
2014-07-23,495,13,508,22,516,1,NA,1,2
2014-07-24,390,28,592,24,521,0,NA,0,2
2014-07-25,450,24,524,12,516,NA,NA,NA,3
2014-07-26,485,15,487,14,521,0,NA,0,4
2014-07-27,470,15,537,12,541,1,NA,1,4
2014-07-28,450,23,551,11,546,NA,NA,NA,3
2014-07-29,470,17,499,10,501,0,NA,0,3
2014-07-30,440,16,538,24,511,1,NA,1,3
2014-07-31,505,26,458,26,521,NA,NA,NA,4
2014-08-01,515,13,520,17,571,0,NA,0,3
2014-08-02,460,23,560,19,566,1,NA,1,3
2014-08-03,470,24,517,36,551,0,NA,0,3
2014-08-04,565,7,454,17,591,1,NA,1,4
2014-08-05,470,24,420,26,541,0,NA,0,3
2014-08-06,510,17,541,23,596,1,NA,1,4
2014-08-07,465,26,552,62,611,0,NA,0,4
2014-08-08,565,21,456,33,611,1,NA,1,3
2014-08-09,500,21,534,9,646,0,NA,0,3
2014-08-10,465,29,605,15,616,1,NA,1,2
2014-08-11,510,23,554,22,601,0,NA,0,2
2014-08-12,435,26,633,22,626,1,NA,1,2
2014-08-13,490,21,555,23,596,NA,NA,NA,3
2014-08-14,440,15,550,36,581,0,NA,0,4
2014-08-15,450,39,592,41,616,1,NA,1,4
2014-08-16,415,57,589,19,611,1,NA,1,3
2014-08-17,470,52,564,20,636,0,NA,0,3
2014-08-18,485,28,437,21,561,1,NA,1,3
2014-08-19,460,16,631,17,631,0,NA,0,3
2014-08-20,475,23,479,29,546,1,NA,1,3
2014-08-21,445,26,611,15,601,0,NA,0,4
2014-08-22,495,21,570,10,601,0,NA,0,3
2014-08-23,475,15,548,21,586,1,NA,1,4
2014-08-24,470,26,556,26,566,1,NA,1,4
2014-08-25,460,24,591,12,586,0,NA,0,4
2014-08-26,480,24,544,14,576,NA,NA,NA,3
2014-08-27,465,26,569,12,576,0,NA,0,4
2014-08-28,470,29,567,34,636,1,NA,1,4
2014-08-29,460,21,507,42,496,0,NA,0,3
2014-08-30,505,25,451,22,506,1,NA,1,4
2014-08-31,505,9,507,11,596,1,NA,1,3
2014-09-01,470,25,554,10,576,0,NA,0,3
2014-09-02,460,20,540,19,526,1,NA,1,2
2014-09-03,455,25,513,6,536,0,NA,0,4
2014-09-04,460,33,478,6,541,1,NA,1,3
2014-09-05,430,36,514,55,611,0,NA,0,3
2014-09-06,445,15,543,26,531,0,NA,0,4
2014-09-07,465,21,551,12,556,1,NA,1,4
2014-09-08,525,29,446,25,546,1,NA,1,4
2014-09-09,510,15,510,5,546,0,NA,0,3
2014-09-10,450,24,579,17,596,1,NA,1,4
2014-09-11,465,20,512,22,531,0,NA,0,4
2014-09-12,460,15,569,16,556,1,NA,1,4
2014-09-13,460,24,574,13,561,0,NA,0,3
2014-09-14,465,21,505,30,511,1,NA,1,3
2014-09-15,450,13,515,16,516,0,NA,0,4
2014-09-16,515,17,501,18,541,1,NA,1,4
2014-09-17,485,50,459,33,531,0,NA,0,3
2014-09-18,455,31,533,50,546,1,NA,1,3
2014-09-19,425,27,536,66,526,0,NA,0,3
2014-09-20,525,15,488,17,521,1,NA,1,4
2014-09-21,475,34,540,36,596,0,NA,0,3
2014-09-22,485,30,538,50,591,1,NA,1,3
2014-09-23,450,13,548,7,536,NA,NA,NA,3
2014-09-24,470,28,429,19,456,NA,NA,NA,3
2014-09-25,465,28,455,167,646,NA,NA,NA,4
2014-09-26,470,26,518,7,521,NA,NA,NA,4
2014-09-27,470,36,579,13,591,NA,NA,NA,3
2014-09-27,470,36,579,13,591,NA,NA,NA,3
2014-09-28,510,19,576,32,626,0,NA,0,4
2014-09-29,510,35,521,42,581,1,NA,1,4
2014-09-30,475,16,562,23,651,0,NA,0,3
2014-10-01,465,45,467,71,546,0,NA,0,2
2014-10-02,500,21,557,11,581,1,NA,1,3
2014-10-03,445,31,611,34,596,1,NA,1,3
2014-10-04,475,22,592,15,636,NA,NA,NA,3
2014-10-05,495,54,465,23,561,0,NA,0,4
2014-10-06,495,36,536,7,601,1,NA,1,3
2014-10-07,485,43,570,21,641,0,NA,0,3
2014-10-08,505,41,493,30,551,1,NA,1,3
2014-10-09,500,16,553,2,596,0,NA,0,2
2014-10-10,500,25,604,17,651,1,NA,1,3
2014-10-11,520,37,483,24,646,0,NA,0,3
2014-10-12,470,17,573,8,606,1,NA,1,2
2014-10-13,475,27,628,22,656,0,NA,0,3
2014-10-14,495,32,443,32,566,NA,NA,NA,4
2014-10-15,475,24,604,45,656,0,NA,0,3
2014-10-16,510,27,482,13,586,NA,NA,NA,3
2014-10-17,490,26,565,8,591,1,NA,1,3
2014-10-18,495,31,496,25,636,1,NA,1,4
2014-10-19,500,20,547,26,586,0,NA,0,3
2014-10-20,480,28,555,33,581,0,NA,0,4
2014-10-21,485,23,552,9,571,1,NA,1,4
2014-10-22,475,19,423,34,631,1,NA,1,3
2014-10-23,485,28,582,20,631,0,NA,0,3
2014-10-24,460,13,629,30,626,1,NA,1,4
2014-10-25,500,21,544,17,636,0,NA,0,4
2014-10-26,470,30,658,17,686,1,NA,1,3
2014-10-27,470,69,549,59,646,0,NA,0,2
2014-10-28,475,37,600,11,631,1,NA,1,3
2014-10-29,495,13,561,97,666,0,NA,0,3
2014-10-30,505,20,596,9,646,1,NA,1,3
2014-10-31,465,37,561,114,681,1,NA,1,3
2014-11-01,495,23,548,22,531,0,NA,0,4
2014-11-02,440,12,558,16,531,0,NA,0,3
2014-11-03,415,6,682,8,621,1,NA,1,3
2014-11-04,420,30,557,23,536,0,NA,0,4
2014-11-05,380,22,607,23,551,1,NA,1,3
2014-11-06,455,27,522,25,521,0,NA,0,3
2014-11-07,405,18,553,21,526,1,NA,1,3
2014-11-08,405,26,548,29,481,0,NA,0,3
2014-11-09,445,19,544,32,511,1,NA,1,2
2014-11-10,420,2,535,27,486,1,NA,1,3
2014-11-11,470,5,496,27,526,0,NA,0,3
2014-11-12,495,4,408,9,551,0,NA,0,4
2014-11-13,445,2,602,27,561,1,NA,1,3
2014-11-14,515,1,468,6,576,0,NA,0,3
2014-11-15,435,30,587,42,616,1,NA,1,3
2014-11-16,430,26,577,35,586,1,NA,1,4
2014-11-17,395,22,643,36,606,0,NA,0,3
2014-11-18,490,4,465,96,561,1,NA,1,3
2014-11-19,400,23,628,31,571,0,NA,0,3
2014-11-20,460,21,549,21,571,0,NA,0,4
2014-11-21,425,30,614,11,586,1,NA,1,4
2014-11-22,410,49,529,68,516,1,NA,1,3
2014-11-23,400,2,619,20,536,0,NA,0,3
2014-11-24,435,20,475,10,456,0,NA,0,4
2014-11-25,470,12,415,2,526,1,NA,1,3
2014-11-26,410,12,344,1,486,NA,NA,NA,4
2014-11-27,380,16,434,0,426,NA,NA,NA,4
2014-11-28,445,2,574,4,561,NA,NA,NA,3
2014-11-29,430,1,567,18,551,NA,NA,NA,4
2014-11-30,455,19,478,24,496,1,NA,1,4
2014-12-01,425,20,616,3,571,0,NA,0,4
2014-12-02,405,23,593,8,536,1,NA,1,3
2014-12-03,410,28,628,8,581,0,NA,0,3
2014-12-04,445,1,512,23,566,1,NA,1,4
2014-12-05,420,24,594,9,561,0,NA,0,4
2014-12-06,410,23,585,26,546,1,NA,1,3
2014-12-07,390,4,545,18,526,0,NA,0,3
2014-12-08,410,4,579,19,526,1,NA,1,3
2014-12-09,410,12,540,2,511,0,NA,0,4
2014-12-10,390,15,628,10,561,1,NA,1,3
2014-12-11,385,6,603,15,586,0,NA,0,4
2014-12-12,595,1,364,8,541,1,NA,1,3
2014-12-13,440,3,659,6,646,0,NA,0,3
2014-12-14,465,15,483,25,541,1,NA,1,4
2014-12-15,420,16,591,11,546,0,NA,0,3
2014-12-16,405,33,342,23,596,1,NA,1,4
2014-12-17,450,24,259,0,981,0,NA,0,3
2014-12-18,300,1,70,4,586,0,NA,0,3
2014-12-18,450,58,488,68,601,0,NA,0,3
2014-12-19,395,5,651,5,561,NA,NA,NA,4
2014-12-20,405,52,323,160,466,1,NA,1,3
2014-12-21,435,12,583,4,581,NA,NA,NA,2
2014-12-22,455,18,507,26,541,NA,NA,NA,4
2014-12-23,420,45,467,8,496,NA,NA,NA,2
2014-12-24,495,33,447,24,511,NA,NA,NA,3
2014-12-25,345,9,612,9,481,NA,NA,NA,3
2014-12-26,490,14,493,5,506,NA,NA,NA,3
2014-12-27,375,23,574,26,506,NA,NA,NA,4
2014-12-28,420,17,492,12,481,1,NA,1,3
2014-12-29,395,21,571,15,506,0,NA,0,4
2014-12-30,380,27,616,16,546,0,NA,0,4
2014-12-31,365,24,603,22,501,NA,NA,NA,3
2015-01-01,395,37,585,5,536,1,NA,1,4
2015-01-02,395,31,549,21,491,1,NA,1,4
2015-01-03,385,19,659,24,581,0,NA,0,3
2015-01-04,395,83,545,0,531,0,NA,0,3
2015-01-05,390,24,578,15,501,1,NA,1,3
2015-01-06,405,17,560,34,486,NA,NA,NA,4
2015-01-07,385,32,610,7,531,1,NA,1,4
2015-01-08,385,23,624,24,541,0,NA,0,4
2015-01-09,380,21,587,21,491,0,NA,0,4
2015-01-10,370,30,622,18,536,1,NA,1,4
2015-01-11,370,35,542,51,446,0,NA,0,3
2015-01-12,375,20,580,29,476,1,NA,1,3
2015-01-13,365,39,527,4,501,0,NA,0,3
2015-01-14,370,40,585,22,521,1,NA,1,4
2015-01-15,375,23,577,27,511,0,NA,0,3
2015-01-16,410,26,536,32,496,1,NA,1,3
2015-01-17,390,22,581,9,511,NA,NA,NA,3
2015-01-18,390,25,627,8,571,1,NA,1,4
2015-01-19,410,44,582,14,541,0,NA,0,3
2015-01-20,360,48,620,4,541,0,NA,0,3
2015-01-21,440,20,522,7,486,NA,NA,NA,3
2015-01-22,450,35,564,47,606,1,NA,1,3
2015-01-23,390,24,572,21,511,NA,NA,NA,3
2015-01-24,410,46,623,10,571,0,NA,0,3
2015-01-25,430,42,471,21,561,1,NA,1,3
2015-01-26,410,14,663,17,576,0,NA,0,4
2015-01-27,415,24,584,26,546,1,NA,1,3
2015-01-28,380,12,677,4,596,NA,NA,NA,4
2015-01-29,385,30,608,23,566,0,NA,0,4
2015-01-30,410,18,618,5,561,1,NA,1,4
2015-01-31,420,11,531,8,526,NA,NA,NA,3
2015-02-01,395,29,514,18,496,NA,NA,NA,4
2015-02-02,380,27,577,23,551,1,NA,1,3
2015-02-03,430,19,540,15,541,0,NA,0,2
2015-02-04,395,25,482,3,536,1,NA,1,4
2015-02-05,480,95,329,14,586,0,NA,0,4
2015-02-06,515,2,403,10,551,1,NA,1,4
2015-02-07,505,8,497,25,551,0,NA,0,3
2015-02-08,400,27,571,12,561,1,NA,1,4
2015-02-09,395,28,526,139,576,NA,NA,NA,3
2015-02-10,420,31,622,9,586,NA,NA,NA,3
2015-02-11,405,34,493,51,561,0,NA,0,4
2015-02-12,380,11,587,18,486,0,NA,0,3
2015-02-13,395,18,546,28,521,1,NA,1,3
2015-02-14,405,22,561,5,541,1,NA,1,3
2015-02-15,390,31,536,8,531,0,NA,0,4
2015-02-16,420,1,459,15,536,1,NA,1,4
2015-02-17,380,16,586,13,546,0,NA,0,3
2015-02-18,NA,NA,NA,NA,NA,1,NA,1,4
2015-02-19,400,24,589,5,526,0,NA,0,4
2015-02-20,380,20,533,51,491,0,NA,0,4
2015-02-21,385,31,580,18,506,NA,NA,NA,3
2015-02-22,385,20,629,6,541,1,NA,1,3
2015-02-23,400,19,525,13,461,1,NA,1,3
2015-02-24,385,32,568,7,521,0,NA,0,4
2015-02-25,380,27,483,46,486,0,NA,0,4
2015-02-26,390,20,570,22,491,1,NA,1,4
2015-02-27,390,17,541,18,496,1,NA,1,4
2015-02-28,410,30,490,51,501,0,NA,0,4
2015-03-01,390,37,574,35,546,1,NA,1,3
2015-03-02,380,29,503,37,511,0,NA,0,4
2015-03-03,385,16,572,30,506,0,NA,0,4
2015-03-04,385,18,578,14,521,1,NA,1,3
2015-03-05,380,27,458,88,546,1,NA,1,3
2015-03-06,375,16,523,8,541,0,NA,0,2
2015-03-07,370,33,499,65,556,1,NA,1,3
2015-03-08,445,23,417,88,471,0,NA,0,3
2015-03-09,450,28,559,74,596,1,NA,1,3
2015-03-10,450,15,606,38,601,0,NA,0,3
2015-03-11,510,2,552,33,606,1,NA,1,2
2015-03-12,440,2,533,44,601,0,NA,0,3
2015-03-13,575,1,282,7,516,1,NA,1,3
2015-03-14,445,33,536,49,556,0,NA,0,2
2015-03-15,505,25,558,34,626,0,NA,0,2
2015-03-16,530,2,566,19,641,NA,NA,NA,3
2015-03-17,465,26,582,75,616,1,NA,1,3
2015-03-18,460,24,590,22,581,1,NA,1,3
2015-03-19,455,21,591,29,596,0,NA,0,3
2015-03-20,435,2,638,22,626,0,NA,0,2
2015-03-21,450,30,562,31,591,1,NA,1,3
2015-03-22,440,25,608,45,611,0,NA,0,4
2015-03-23,440,44,591,11,591,NA,NA,NA,3
2015-03-24,455,35,549,44,571,1,NA,1,3
2015-03-25,435,29,631,58,616,1,NA,1,3
2015-03-26,435,44,584,94,631,NA,NA,NA,2
2015-03-27,455,37,571,69,596,0,NA,0,2
2015-03-28,465,35,589,31,611,1,NA,1,3
2015-03-29,450,10,525,51,566,0,NA,0,3
2015-03-30,500,2,467,23,551,0,NA,0,4
2015-03-31,505,1,479,17,601,NA,NA,NA,4
2015-04-01,460,17,602,32,596,1,NA,1,4
2015-04-02,470,2,468,88,541,1,NA,1,3
2015-04-03,445,11,637,7,606,NA,NA,NA,3
2015-04-04,500,2,554,12,566,0,NA,0,2
2015-04-05,445,12,547,55,576,0,NA,0,3
2015-04-06,485,2,534,24,536,NA,NA,NA,4
2015-04-07,455,33,429,16,446,1,NA,1,4
2015-04-08,430,17,639,5,606,NA,NA,NA,3
2015-04-09,455,35,557,21,561,1,NA,1,4
2015-04-10,495,19,525,42,566,0,NA,0,4
2015-04-11,460,2,598,26,566,1,NA,1,4
2015-04-12,490,4,599,28,606,0,NA,0,3
2015-04-13,455,20,576,65,626,1,NA,1,3
2015-04-14,505,8,593,13,621,0,NA,0,3
2015-04-15,440,3,637,14,611,0,NA,0,4
2015-04-16,500,1,516,24,536,1,NA,1,3
2015-04-17,450,31,526,41,556,0,NA,0,3
2015-04-18,465,24,614,22,626,1,NA,1,4
2015-04-19,595,1,373,0,596,1,NA,1,3
2015-04-20,470,41,518,41,566,0,NA,0,4
2015-04-21,460,1,560,32,611,0,NA,0,2
2015-04-22,505,1,580,20,606,NA,NA,NA,3
2015-04-23,580,2,337,12,466,NA,NA,NA,4
2015-04-24,480,18,565,33,601,1,NA,1,2
2015-04-25,560,2,512,20,591,1,NA,1,3
2015-04-26,465,2,518,89,571,NA,NA,NA,3
2015-04-27,490,1,592,33,616,0,NA,0,4
2015-04-28,470,7,555,64,586,0,NA,0,3
2015-04-29,490,5,554,53,616,0,NA,0,3
2015-04-30,490,4,567,49,611,1,NA,1,3
2015-05-01,495,10,595,21,621,0,NA,0,4
2015-05-02,490,2,620,36,631,0,NA,0,3
2015-05-03,480,5,543,69,601,1,NA,1,4
2015-05-04,515,1,491,37,626,1,NA,1,4
2015-05-05,450,23,561,88,606,0,NA,0,4
2015-05-06,475,39,589,52,666,1,NA,1,3
2015-05-07,475,27,533,89,611,NA,NA,NA,3
2015-05-08,430,21,602,97,661,0,NA,0,2
2015-05-09,525,2,558,49,646,1,NA,1,3
2015-05-10,450,33,596,26,631,0,NA,0,3
2015-05-11,465,27,465,19,626,0,NA,0,3
2015-05-12,480,2,569,47,586,NA,NA,NA,4
2015-05-13,580,1,257,28,381,1,NA,1,3
2015-05-14,505,1,414,110,601,1,NA,1,3
2015-05-15,450,17,597,50,616,0,NA,0,4
2015-05-16,465,32,588,32,631,0,NA,0,2
2015-05-17,460,37,523,43,581,1,NA,1,3
2015-05-18,605,1,416,72,646,1,NA,1,3
2015-05-19,510,2,475,13,576,0,NA,0,4
2015-05-20,690,2,422,34,621,0,NA,0,3
2015-05-21,505,2,453,38,521,1,NA,1,2
2015-05-22,540,3,511,79,636,NA,NA,NA,2
2015-05-23,515,1,490,72,596,NA,NA,NA,4
2015-05-24,450,7,568,103,651,1,NA,1,4
2015-05-25,470,56,552,46,636,0,NA,0,4
2015-05-26,455,28,617,67,666,1,NA,1,3
2015-05-27,NA,NA,NA,NA,NA,0,NA,0,4
2015-05-28,160,20,181,64,606,0,NA,0,3
2015-05-28,450,19,606,23,601,0,NA,0,3
2015-05-29,480,45,468,75,576,1,NA,1,3
2015-05-30,470,25,550,36,566,0,NA,0,4
2015-05-31,495,13,559,36,591,1,NA,1,4
2015-06-01,470,14,585,26,601,0,NA,0,4
2015-06-02,450,62,504,83,576,1,NA,1,2
2015-06-03,495,31,577,16,621,1,NA,1,3
2015-06-04,505,17,520,61,586,0,NA,0,2
2015-06-05,505,25,500,35,551,0,NA,0,3
2015-06-06,465,17,367,9,606,1,NA,1,4
2015-06-07,445,5,584,30,556,1,NA,1,4
2015-06-08,480,13,598,13,596,0,NA,0,3
2015-06-09,485,16,587,7,601,0,NA,0,2
2015-06-10,500,21,539,17,566,1,NA,1,3
2015-06-11,510,20,579,23,651,0,NA,0,3
2015-06-12,465,20,565,54,616,1,NA,1,4
2015-06-13,485,2,600,7,601,1,NA,1,4
2015-06-14,505,7,544,16,566,0,NA,0,3
2015-06-15,520,6,549,16,596,NA,NA,NA,4
2015-06-16,485,10,557,35,591,NA,NA,NA,4
2015-06-17,495,10,517,35,566,0,NA,0,3
2015-06-18,470,30,506,41,541,NA,NA,NA,3
2015-06-19,460,24,573,38,606,1,NA,1,3
2015-06-20,525,5,478,62,561,1,NA,1,3
2015-06-21,500,5,565,41,601,0,NA,0,4
2015-06-22,550,1,526,11,591,1,NA,1,4
2015-06-23,465,25,537,27,566,0,NA,0,3
2015-06-24,535,1,490,25,551,0,NA,0,3
2015-06-25,495,10,570,26,596,1,NA,1,3
2015-06-26,495,1,531,37,576,NA,NA,NA,3
2015-06-27,475,22,519,42,561,0,NA,0,3
2015-06-28,495,1,527,36,566,1,NA,1,4
2015-06-29,455,43,513,45,556,1,NA,1,3
2015-06-30,475,6,557,19,576,0,NA,0,4
2015-07-01,475,3,489,58,506,0,NA,0,3
2015-07-02,460,1,557,35,561,1,NA,1,3
2015-07-03,480,5,547,59,586,0,NA,0,3
2015-07-04,560,1,486,30,576,1,NA,1,3
2015-07-05,515,1,552,39,606,1,NA,1,3
2015-07-06,505,3,488,23,501,0,NA,0,3
2015-07-07,520,26,423,55,501,1,NA,1,4
2015-07-08,550,3,435,58,516,NA,NA,NA,3
2015-07-09,480,1,494,69,541,0,NA,0,4
2015-07-10,510,2,531,41,576,1,NA,1,3
2015-07-11,445,24,541,65,581,0,NA,0,3
2015-07-12,465,6,570,38,596,1,NA,1,3
2015-07-13,565,2,498,48,611,NA,NA,NA,2
2015-07-14,520,3,520,31,566,0,NA,0,3
2015-07-15,545,18,382,119,586,1,NA,1,4
2015-07-16,515,1,460,47,496,0,NA,0,3
2015-07-17,640,30,260,19,461,1,NA,1,4
2015-07-18,580,1,445,51,571,0,NA,0,4
2015-07-19,560,30,393,99,571,1,NA,1,3
2015-07-20,610,1,386,69,551,0,NA,0,3
2015-07-21,530,8,440,68,531,NA,NA,NA,3
2015-07-22,500,1,527,32,571,0,NA,0,3
2015-07-23,490,1,466,53,491,1,NA,1,3
2015-07-24,490,1,456,38,491,NA,NA,NA,3
2015-07-25,505,1,499,52,551,NA,NA,NA,3
2015-07-26,605,1,425,39,576,0,NA,0,4
2015-07-27,560,2,439,69,581,0,NA,0,4
2015-07-28,575,3,386,65,556,NA,NA,NA,3
2015-07-29,550,2,465,44,531,NA,NA,NA,3
2015-07-30,485,10,543,33,561,1,NA,1,3
2015-07-31,495,4,515,89,586,NA,NA,NA,3
2015-08-01,480,27,514,16,526,NA,NA,NA,4
2015-08-02,NA,NA,NA,NA,NA,NA,NA,NA,3
2015-08-03,135,1,210,1,576,NA,NA,NA,4
2015-08-03,490,26,544,8,571,NA,NA,NA,4
2015-08-04,470,27,523,14,581,NA,NA,NA,3
2015-08-05,475,27,509,16,531,NA,NA,NA,3
2015-08-06,435,24,561,14,516,NA,NA,NA,3
2015-08-07,470,20,507,9,541,1,NA,1,3
2015-08-08,450,8,575,11,581,NA,NA,NA,3
2015-08-09,505,29,511,7,561,0,NA,0,3
2015-08-10,480,19,621,9,636,0,NA,0,3
2015-08-11,455,2,613,5,596,1,NA,1,3
2015-08-12,515,5,489,5,641,1,NA,1,4
2015-08-13,445,37,608,7,611,0,NA,0,3
2015-08-14,530,18,532,14,616,0,NA,0,3
2015-08-15,490,3,550,3,566,1,NA,1,3
2015-08-16,465,2,328,2,491,NA,NA,NA,3
2015-08-17,550,21,537,2,621,NA,NA,NA,4
2015-08-18,500,35,525,11,606,NA,NA,NA,3
2015-08-19,485,3,558,18,636,NA,NA,NA,3
2015-08-20,640,16,400,4,571,NA,NA,NA,4
2015-08-21,540,5,592,9,651,NA,NA,NA,1
2015-08-22,530,2,443,0,496,NA,NA,NA,3
2015-08-23,520,15,396,0,541,NA,NA,NA,4
2015-08-24,580,6,457,3,566,NA,NA,NA,3
2015-08-25,500,2,533,50,621,1,NA,1,3
2015-08-26,465,1,562,10,561,0,NA,0,3
2015-08-27,435,2,557,35,536,1,NA,1,2
2015-08-28,445,1,550,9,531,NA,NA,NA,2
2015-08-29,450,24,552,16,531,0,NA,0,3
2015-08-30,465,20,611,30,621,1,NA,1,3
2015-08-31,480,18,580,55,641,NA,NA,NA,4
2015-09-01,475,12,591,12,611,0,NA,0,3
2015-09-02,505,1,525,9,566,0,NA,0,2
2015-09-03,515,2,511,24,546,1,NA,1,3
2015-09-04,455,1,580,13,586,NA,NA,NA,3
2015-09-05,515,11,519,12,536,NA,NA,NA,4
2015-09-06,430,1,573,32,556,NA,NA,NA,4
2015-09-07,440,3,578,34,576,NA,NA,NA,4
2015-09-08,465,2,549,2,551,1,NA,1,3
2015-09-09,525,2,542,23,591,0,NA,0,2
2015-09-10,485,0,500,35,531,1,NA,1,4
2015-09-11,485,1,530,11,546,0,NA,0,3
2015-09-12,85,7,238,38,606,NA,NA,NA,3
2015-09-13,485,2,616,6,616,NA,NA,NA,3
2015-09-14,460,2,436,16,561,1,NA,1,4
2015-09-15,455,2,636,5,626,0,NA,0,3
2015-09-16,505,1,587,7,616,NA,NA,NA,3
2015-09-17,485,1,631,14,621,NA,NA,NA,3
2015-09-18,480,2,583,12,616,NA,NA,NA,4
2015-09-19,525,13,579,7,636,1,NA,1,2
2015-09-20,505,2,582,22,631,0,NA,0,4
2015-09-21,NA,NA,NA,NA,NA,NA,NA,NA,4
2015-09-22,295,1,71,2,586,1,NA,1,2
2015-09-22,455,7,615,12,616,1,NA,1,2
2015-09-23,590,2,508,7,611,0,NA,0,3
2015-09-24,565,1,522,5,601,0,NA,0,4
2015-09-25,530,18,502,16,556,1,NA,1,4
2015-09-26,545,4,558,4,626,0,NA,0,3
2015-09-27,515,1,588,7,626,NA,NA,NA,3
2015-09-28,515,1,576,7,606,1,NA,1,3
2015-09-29,445,10,171,3,856,0,NA,0,3
2015-09-30,510,15,595,10,631,NA,NA,NA,4
2015-10-01,465,9,588,3,571,NA,NA,NA,4
2015-10-02,445,8,500,6,456,1,NA,1,3
2015-10-03,385,3,555,12,576,NA,NA,NA,4
2015-10-04,480,1,528,27,566,NA,NA,NA,NA
2015-10-05,485,1,527,21,556,NA,NA,NA,NA
2015-10-06,415,1,605,16,591,NA,NA,NA,NA
2015-10-07,425,4,522,4,571,NA,NA,NA,NA
2015-10-08,585,6,433,2,621,NA,NA,NA,NA
2015-10-09,520,43,485,3,591,NA,NA,NA,NA
2015-10-10,515,6,428,0,531,NA,NA,NA,NA
2015-10-11,520,4,535,0,586,NA,NA,NA,NA
2015-10-12,570,2,420,2,566,NA,NA,NA,NA
2015-10-13,455,1,502,4,501,NA,NA,NA,NA
2015-10-14,495,1,383,5,511,NA,NA,NA,NA
2015-10-15,580,1,223,0,351,NA,NA,NA,NA
2015-10-16,NA,NA,NA,NA,NA,NA,NA,NA,NA
2015-10-17,530,8,410,3,461,NA,NA,NA,NA
2015-10-18,435,1,605,7,586,NA,NA,NA,NA
2015-10-19,460,10,601,3,726,NA,NA,NA,4
2015-10-20,450,2,396,0,396,NA,NA,NA,3
2015-10-21,NA,NA,NA,NA,NA,1,NA,1,4
2015-10-22,NA,NA,NA,NA,NA,0,NA,0,3
2015-10-23,555,1,460,3,581,0,NA,0,2
2015-10-24,NA,NA,NA,NA,NA,NA,NA,NA,3
2015-10-25,NA,NA,NA,NA,NA,NA,NA,NA,4
2015-10-26,NA,NA,NA,NA,NA,1,NA,1,4
2015-10-27,NA,NA,NA,NA,NA,1,NA,1,3
2015-10-28,NA,NA,NA,NA,NA,0,NA,0,2
2015-10-29,NA,NA,NA,NA,NA,0,NA,0,2
2015-10-30,NA,NA,NA,NA,NA,NA,NA,NA,3
2015-10-31,NA,NA,NA,NA,NA,1,NA,1,3
2015-11-01,NA,NA,NA,NA,NA,0,NA,0,4
2015-11-02,NA,NA,NA,NA,NA,1,NA,1,3
2015-11-03,NA,NA,NA,NA,NA,NA,NA,NA,3
2015-11-04,NA,NA,NA,NA,NA,NA,NA,NA,3
2015-11-05,NA,NA,NA,NA,NA,NA,NA,NA,3
2015-11-06,NA,NA,NA,NA,NA,0,NA,0,2
2015-11-07,NA,NA,NA,NA,NA,1,NA,1,3
2015-11-08,NA,NA,NA,NA,NA,0,NA,0,3
2015-11-09,NA,NA,NA,NA,NA,NA,NA,NA,3
2015-11-10,NA,NA,NA,NA,NA,NA,NA,NA,3
2015-11-11,NA,NA,NA,NA,NA,1,NA,1,3
2015-11-12,NA,NA,NA,NA,NA,NA,NA,NA,4
2015-11-13,NA,NA,NA,NA,NA,NA,NA,NA,3
2015-11-14,405,17,95,45,471,NA,NA,NA,NA
2015-11-15,NA,NA,NA,NA,NA,NA,NA,NA,NA
2015-11-16,NA,NA,NA,NA,NA,NA,NA,NA,NA
2015-11-17,NA,NA,NA,NA,NA,NA,NA,NA,NA
2015-11-18,NA,NA,NA,NA,NA,NA,NA,NA,NA
2015-11-19,NA,NA,NA,NA,NA,NA,NA,NA,NA
2015-11-20,NA,NA,NA,NA,NA,NA,NA,NA,NA
2015-11-21,NA,NA,NA,NA,NA,NA,NA,NA,NA
2015-11-22,NA,NA,NA,NA,NA,NA,NA,NA,NA
2015-11-23,NA,NA,NA,NA,NA,NA,NA,NA,NA
2015-11-24,NA,NA,NA,NA,NA,NA,NA,NA,NA
2015-11-25,NA,NA,NA,NA,NA,NA,NA,NA,NA
2015-11-26,NA,NA,NA,NA,NA,NA,NA,NA,NA
2015-11-27,NA,NA,NA,NA,NA,NA,NA,NA,4
2015-11-28,NA,NA,NA,NA,NA,NA,NA,NA,4
2015-11-29,NA,NA,NA,NA,NA,1,NA,1,4
2015-11-30,NA,NA,NA,NA,NA,0,NA,0,3
2015-12-01,NA,NA,NA,NA,NA,NA,NA,NA,4
2015-12-02,NA,NA,NA,NA,NA,0,NA,0,3
2015-12-03,NA,NA,NA,NA,NA,1,NA,1,3
2015-12-04,NA,NA,NA,NA,NA,NA,NA,NA,3
2015-12-05,NA,NA,NA,NA,NA,1,NA,1,4
2015-12-06,NA,NA,NA,NA,NA,0,NA,0,4
2015-12-07,NA,NA,NA,NA,NA,1,NA,1,2
2015-12-08,NA,NA,NA,NA,NA,0,NA,0,3
2015-12-09,NA,NA,NA,NA,NA,1,NA,1,2
2015-12-10,NA,NA,NA,NA,NA,0,NA,0,3
2015-12-11,NA,NA,NA,NA,NA,1,NA,1,3
2015-12-12,NA,NA,NA,NA,NA,0,NA,0,3
2015-12-13,NA,NA,NA,NA,NA,NA,NA,NA,3
2015-12-14,NA,NA,NA,NA,NA,NA,NA,NA,4
2015-12-15,NA,NA,NA,NA,NA,NA,NA,NA,3
2015-12-16,NA,NA,NA,NA,NA,NA,NA,NA,2
2015-12-17,NA,NA,NA,NA,NA,NA,NA,NA,3
2015-12-18,NA,NA,NA,NA,NA,NA,NA,NA,3
2015-12-19,NA,NA,NA,NA,NA,NA,NA,NA,3
2015-12-20,NA,NA,NA,NA,NA,NA,NA,NA,3
2015-12-21,NA,NA,NA,NA,NA,NA,NA,NA,3
2015-12-22,NA,NA,NA,NA,NA,NA,NA,NA,3
2015-12-23,NA,NA,NA,NA,NA,NA,NA,NA,3
2015-12-24,NA,NA,NA,NA,NA,NA,NA,NA,4
2015-12-25,NA,NA,NA,NA,NA,NA,NA,NA,4
2015-12-26,NA,NA,NA,NA,NA,NA,NA,NA,2
2015-12-27,NA,NA,NA,NA,NA,NA,NA,NA,3
2015-12-28,NA,NA,NA,NA,NA,NA,NA,NA,3
2015-12-29,NA,NA,NA,NA,NA,NA,NA,NA,4
2015-12-30,NA,NA,NA,NA,NA,NA,NA,NA,4
2015-12-31,NA,NA,NA,NA,NA,0,NA,0,4
2016-01-01,NA,NA,NA,NA,NA,1,NA,1,4
2016-01-02,NA,NA,NA,NA,NA,NA,NA,NA,3
2016-01-03,NA,NA,NA,NA,NA,1,NA,1,3
2016-01-04,NA,NA,NA,NA,NA,0,NA,0,4
2016-01-05,NA,NA,NA,NA,NA,0,NA,0,3
2016-01-06,NA,NA,NA,NA,NA,1,NA,1,NA
2016-01-07,NA,NA,NA,NA,NA,NA,NA,NA,3
2016-01-08,NA,NA,NA,NA,NA,NA,NA,NA,4
2016-01-09,NA,NA,NA,NA,NA,NA,NA,NA,NA
2016-01-10,NA,NA,NA,NA,NA,NA,NA,NA,NA
2016-01-11,NA,NA,NA,NA,NA,NA,NA,NA,4
2016-01-12,NA,NA,NA,NA,NA,NA,NA,NA,4
2016-01-13,NA,NA,NA,NA,NA,NA,NA,NA,3
2016-01-14,NA,NA,NA,NA,NA,NA,NA,NA,4
2016-01-15,NA,NA,NA,NA,NA,NA,NA,NA,4
2016-01-16,NA,NA,NA,NA,NA,NA,NA,NA,4
2016-01-17,NA,NA,NA,NA,NA,NA,NA,NA,NA
2016-01-18,NA,NA,NA,NA,NA,NA,NA,NA,NA
2016-01-19,NA,NA,NA,NA,NA,NA,NA,NA,NA
2016-01-20,NA,NA,NA,NA,NA,NA,NA,NA,4
2016-01-21,NA,NA,NA,NA,NA,NA,NA,NA,NA
2016-01-22,NA,NA,NA,NA,NA,NA,NA,NA,NA
2016-01-23,NA,NA,NA,NA,NA,NA,NA,NA,3
2016-01-24,NA,NA,NA,NA,NA,NA,NA,NA,4
2016-01-25,NA,NA,NA,NA,NA,NA,NA,NA,4
2016-01-26,NA,NA,NA,NA,NA,NA,NA,NA,3
2016-01-27,NA,NA,NA,NA,NA,NA,NA,NA,2
2016-01-28,NA,NA,NA,NA,NA,NA,NA,NA,2
2016-01-29,NA,NA,NA,NA,NA,NA,NA,NA,3
2016-01-30,NA,NA,NA,NA,NA,NA,NA,NA,3
2016-01-31,NA,NA,NA,NA,NA,1,NA,1,3
2016-02-01,NA,NA,NA,NA,NA,0,NA,0,3
2016-02-02,NA,NA,NA,NA,NA,0,NA,0,4
2016-02-03,NA,NA,NA,NA,NA,NA,NA,NA,3
2016-02-04,NA,NA,NA,NA,NA,1,NA,1,2
2016-02-05,NA,NA,NA,NA,NA,0,NA,0,2
2016-02-06,NA,NA,NA,NA,NA,1,NA,1,2
2016-02-07,NA,NA,NA,NA,NA,1,NA,1,3
2016-02-08,NA,NA,NA,NA,NA,0,NA,0,3
2016-02-09,NA,NA,NA,NA,NA,NA,NA,NA,2
2016-02-10,NA,NA,NA,NA,NA,NA,NA,NA,NA
2016-02-11,NA,NA,NA,NA,NA,NA,NA,NA,NA
2016-02-12,NA,NA,NA,NA,NA,NA,NA,NA,4
2016-02-13,NA,NA,NA,NA,NA,NA,NA,NA,3
2016-02-14,NA,NA,NA,NA,NA,NA,NA,NA,3
2016-02-15,NA,NA,NA,NA,NA,NA,NA,NA,4
2016-02-16,NA,NA,NA,NA,NA,NA,NA,NA,4
2016-02-17,NA,NA,NA,NA,NA,NA,NA,NA,4
2016-02-18,NA,NA,NA,NA,NA,NA,NA,NA,2
2016-02-19,NA,NA,NA,NA,NA,NA,NA,NA,3
2016-02-20,NA,NA,NA,NA,NA,NA,NA,NA,3
2016-02-21,NA,NA,NA,NA,NA,NA,NA,NA,3
2016-02-22,NA,NA,NA,NA,NA,NA,NA,NA,3
2016-02-23,NA,NA,NA,NA,NA,NA,NA,NA,2
2016-02-24,NA,NA,NA,NA,NA,NA,NA,NA,3
2016-02-25,NA,NA,NA,NA,NA,NA,NA,NA,4
2016-02-26,NA,NA,NA,NA,NA,NA,NA,NA,3
2016-02-27,NA,NA,NA,NA,NA,NA,NA,NA,3
2016-02-28,NA,NA,NA,NA,NA,NA,NA,NA,4
2016-02-29,NA,NA,NA,NA,NA,NA,NA,NA,4
2016-03-01,NA,NA,NA,NA,NA,NA,NA,NA,3
2016-03-02,NA,NA,NA,NA,NA,NA,NA,NA,3
2016-03-03,NA,NA,NA,NA,NA,NA,NA,NA,4
2016-03-04,NA,NA,NA,NA,NA,NA,NA,NA,3
2016-03-05,NA,NA,NA,NA,NA,NA,NA,NA,3
2016-03-06,NA,NA,NA,NA,NA,NA,NA,NA,3
2016-03-07,NA,NA,NA,NA,NA,NA,NA,NA,2
2016-03-08,405,27,533,17,481,NA,NA,NA,3
2016-03-09,440,17,452,14,476,1,NA,1,3
2016-03-10,445,19,509,19,501,0,NA,0,3
2016-03-11,440,11,241,30,496,0,NA,0,3
2016-03-12,435,8,539,6,551,1,NA,1,4
2016-03-13,515,37,514,23,636,NA,NA,NA,3
2016-03-14,490,9,602,6,616,0,NA,0,3
2016-03-15,510,1,589,1,656,1,NA,1,3
2016-03-16,530,11,542,5,641,0,NA,0,2
2016-03-17,510,2,569,8,606,1,NA,1,4
2016-03-18,490,31,495,9,586,0,NA,0,3
2016-03-19,530,36,440,10,601,1,NA,1,4
2016-03-20,510,10,352,2,516,0,NA,0,4
2016-03-21,595,20,483,16,631,NA,NA,NA,2
2016-03-22,495,17,585,6,621,1,NA,1,3
2016-03-23,460,6,602,26,596,1,NA,1,3
2016-03-24,495,31,552,41,616,0,NA,0,4
2016-03-25,490,7,609,7,636,1,NA,1,4
2016-03-26,NA,NA,NA,NA,NA,0,NA,0,2
2016-03-27,525,3,481,9,586,1,NA,1,3
2016-03-28,535,23,360,3,461,0,NA,0,4
2016-03-29,NA,NA,NA,NA,NA,NA,NA,NA,3
2016-03-30,NA,NA,NA,NA,NA,NA,NA,NA,3
2016-03-31,NA,NA,NA,NA,NA,NA,NA,NA,3
2016-04-01,NA,NA,NA,NA,NA,NA,NA,NA,2
2016-04-02,NA,NA,NA,NA,NA,NA,NA,NA,2
2016-04-03,NA,NA,NA,NA,NA,NA,NA,NA,2
2016-04-04,NA,NA,NA,NA,NA,NA,NA,NA,2
2016-04-05,605,1,533,60,716,NA,NA,NA,2
2016-04-06,630,1,484,23,746,NA,NA,NA,2
2016-04-07,555,18,312,47,486,NA,NA,NA,4
2016-04-08,630,2,490,38,701,NA,NA,NA,4
2016-04-09,505,1,670,31,721,NA,NA,NA,2
2016-04-10,590,4,526,11,661,NA,NA,NA,3
2016-04-11,440,13,679,15,681,NA,NA,NA,4
2016-04-12,555,9,556,10,641,NA,NA,NA,4
2016-04-13,515,2,653,10,696,NA,NA,NA,4
2016-04-14,545,1,574,19,646,NA,NA,NA,2
2016-04-15,510,1,582,20,596,NA,NA,NA,3
2016-04-16,580,1,504,26,576,NA,NA,NA,3
2016-04-17,505,23,562,5,606,NA,NA,NA,4
2016-04-18,540,2,561,2,636,NA,NA,NA,2
2016-04-19,530,1,602,4,646,NA,NA,NA,3
2016-04-20,NA,NA,NA,NA,NA,0,NA,0,3
2016-04-21,575,2,500,14,581,1,NA,1,2
2016-04-22,NA,NA,NA,NA,NA,NA,NA,NA,3
2016-04-23,295,1,95,2,626,1,NA,1,4
2016-04-23,545,5,372,3,516,1,NA,1,4
2016-04-24,735,14,268,5,541,NA,NA,NA,4
2016-04-25,525,35,531,7,621,0,NA,0,3
2016-04-26,615,13,455,2,611,NA,NA,NA,3
2016-04-27,590,35,457,14,606,0,NA,0,2
2016-04-28,600,1,421,15,581,1,NA,1,3
2016-04-29,545,16,510,12,571,1,NA,1,2
2016-04-30,625,8,452,2,601,0,NA,0,4
2016-05-01,650,14,460,3,636,0,NA,0,3
2016-05-02,535,2,619,2,671,1,NA,1,3
2016-05-03,545,7,515,4,581,0,NA,0,2
2016-05-04,625,6,125,1,591,1,NA,1,2
2016-05-05,630,2,490,6,676,NA,NA,NA,3
2016-05-06,575,10,531,2,621,NA,NA,NA,3
2016-05-07,535,24,555,6,641,NA,NA,NA,3
2016-05-08,570,17,535,25,636,NA,NA,NA,4
2016-05-09,565,5,213,18,616,NA,NA,NA,4
2016-05-10,520,24,569,2,666,NA,NA,NA,3
2016-05-11,555,13,523,13,616,NA,NA,NA,3
2016-05-12,575,14,491,52,656,NA,NA,NA,3
2016-05-13,550,10,558,1,631,NA,NA,NA,3
2016-05-14,660,3,373,0,576,NA,NA,NA,3
2016-05-15,600,3,252,2,376,NA,NA,NA,2
2016-05-16,560,1,385,2,516,NA,NA,NA,3
2016-05-17,680,2,375,2,616,NA,NA,NA,2
2016-05-18,585,24,393,0,546,NA,NA,NA,3
2016-05-19,545,4,531,9,616,NA,NA,NA,3
2016-05-20,560,8,543,13,626,NA,NA,NA,3
2016-05-21,575,11,445,16,606,NA,NA,NA,4
2016-05-22,630,2,445,7,611,NA,NA,NA,4
2016-05-23,560,4,514,11,601,NA,NA,NA,3
2016-05-24,615,1,394,5,606,NA,NA,NA,3
2016-05-25,530,1,517,7,591,NA,NA,NA,3
2016-05-26,525,7,515,6,576,NA,NA,NA,4
2016-05-27,575,10,516,10,626,NA,NA,NA,3
2016-05-28,515,11,542,6,601,NA,NA,NA,3
2016-05-29,525,1,548,2,591,NA,NA,NA,2
2016-05-30,645,4,474,5,636,NA,NA,NA,3
2016-05-31,630,2,430,21,621,NA,NA,NA,4
2016-06-01,630,4,439,6,601,NA,NA,NA,3
2016-06-02,620,2,362,7,516,NA,NA,NA,4
2016-06-03,625,2,481,0,611,NA,NA,NA,3
2016-06-04,595,1,445,14,586,NA,NA,NA,3
2016-06-05,590,2,487,21,631,NA,NA,NA,3
2016-06-06,NA,NA,NA,NA,NA,NA,NA,NA,4
2016-06-07,590,1,524,8,631,NA,NA,NA,2
2016-06-08,730,11,338,12,596,NA,NA,NA,3
2016-06-09,645,2,426,2,601,NA,NA,NA,3
2016-06-10,730,1,397,5,636,NA,NA,NA,4
2016-06-11,655,2,459,13,626,NA,NA,NA,3
2016-06-12,665,2,458,5,636,NA,NA,NA,4
2016-06-13,680,4,427,10,631,NA,NA,NA,4
2016-06-14,650,1,446,5,601,NA,NA,NA,3
2016-06-15,605,13,458,11,586,NA,NA,NA,2
2016-06-16,675,2,389,5,571,NA,NA,NA,3
2016-06-17,615,1,439,15,611,NA,NA,NA,3
2016-06-18,545,2,473,11,591,NA,NA,NA,3
2016-06-19,735,15,281,10,561,NA,NA,NA,3
2016-06-20,620,2,353,45,516,NA,NA,NA,4
2016-06-21,670,2,362,16,546,NA,NA,NA,4
2016-06-22,590,3,447,18,566,NA,NA,NA,3
2016-06-23,580,3,463,19,581,NA,NA,NA,3
2016-06-24,600,11,359,21,536,NA,NA,NA,3
2016-06-25,NA,NA,NA,NA,NA,NA,NA,NA,3
2016-06-26,NA,NA,NA,NA,NA,NA,NA,NA,4
2016-06-27,145,2,173,7,566,NA,NA,NA,3
2016-06-28,NA,NA,NA,NA,NA,NA,NA,NA,3
2016-06-29,685,2,400,13,606,NA,NA,NA,2
2016-06-30,665,2,421,12,621,NA,NA,NA,4
2016-07-01,675,2,396,40,611,NA,NA,NA,4
2016-07-02,690,1,239,144,626,NA,NA,NA,4
2016-07-03,620,3,424,38,586,NA,NA,NA,3
2016-07-04,615,3,464,18,586,NA,NA,NA,3
2016-07-05,720,2,367,6,606,NA,NA,NA,2
2016-07-06,625,0,443,17,601,NA,NA,NA,3
2016-07-07,770,5,309,7,616,NA,NA,NA,4
2016-07-08,635,2,455,7,611,NA,NA,NA,3
2016-07-09,745,2,360,1,621,NA,NA,NA,4
2016-07-10,705,1,393,7,611,NA,NA,NA,3
2016-07-11,645,2,445,11,616,NA,NA,NA,4
2016-07-12,705,2,351,27,601,NA,NA,NA,4
2016-07-13,745,11,351,3,621,NA,NA,NA,4
2016-07-14,635,1,378,19,536,NA,NA,NA,3
2016-07-15,690,1,394,12,611,NA,NA,NA,2
2016-07-16,710,17,317,28,571,NA,NA,NA,3
2016-07-17,610,1,472,6,601,NA,NA,NA,2
2016-07-18,660,2,420,15,606,NA,NA,NA,3
2016-07-19,635,2,428,20,596,NA,NA,NA,3
2016-07-20,580,10,464,4,576,NA,NA,NA,3
2016-07-21,600,2,482,7,606,NA,NA,NA,3
2016-07-22,610,1,425,23,571,NA,NA,NA,4
2016-07-23,705,1,334,7,581,NA,NA,NA,5
2016-07-24,680,2,388,16,596,NA,NA,NA,4
2016-07-25,630,20,426,4,581,NA,NA,NA,4
2016-07-26,700,1,361,16,571,NA,NA,NA,2
2016-07-27,750,1,301,12,576,NA,NA,NA,3
2016-07-28,770,1,289,10,581,NA,NA,NA,3
2016-07-29,725,3,384,31,656,NA,NA,NA,3
2016-07-30,640,1,433,16,611,NA,NA,NA,3
2016-07-31,630,1,478,2,621,NA,NA,NA,3
2016-08-01,650,1,442,5,611,NA,NA,NA,4
2016-08-02,715,1,359,10,596,NA,NA,NA,2
2016-08-03,70,2,335,5,641,NA,NA,NA,4
2016-08-04,700,1,418,11,631,NA,NA,NA,3
2016-08-05,695,1,425,8,656,NA,NA,NA,2
2016-08-06,660,8,458,11,651,NA,NA,NA,3
2016-08-07,NA,NA,NA,NA,NA,NA,NA,NA,3
2016-08-08,670,1,415,31,656,NA,NA,NA,2
2016-08-09,70,1,348,8,656,NA,NA,NA,3
2016-08-10,695,2,414,4,626,NA,NA,NA,3
2016-08-11,755,1,373,4,641,NA,NA,NA,3
2016-08-12,680,3,451,15,661,NA,NA,NA,2
2016-08-13,685,2,433,9,656,NA,NA,NA,3
2016-08-14,635,2,474,8,636,NA,NA,NA,2
